{
  "nodes": [
    {
      "group": 5,
      "name": "Larry_George"
    },
    {
      "group": 5,
      "name": "Santos_Rose"
    },
    {
      "group": 5,
      "name": "Grace_Berger"
    },
    {
      "group": 5,
      "name": "Linda_Bellefeuille"
    },
    {
      "group": 5,
      "name": "David_Scott"
    },
    {
      "group": 5,
      "name": "Terrance_Hannasch"
    },
    {
      "group": 5,
      "name": "Judy_Natera"
    },
    {
      "group": 5,
      "name": "Neil_Deloria"
    },
    {
      "group": 5,
      "name": "Norma_Coleman"
    },
    {
      "group": 5,
      "name": "Scott_Carter"
    },
    {
      "group": 5,
      "name": "David_Garis"
    },
    {
      "group": 5,
      "name": "Brent_Waters"
    },
    {
      "group": 5,
      "name": "Jane_Adderley"
    },
    {
      "group": 5,
      "name": "Thomas_Edwards"
    },
    {
      "group": 5,
      "name": "Cynthia_Jaramillo"
    },
    {
      "group": 5,
      "name": "Kelly_Hughes"
    },
    {
      "group": 5,
      "name": "Ruben_Harkins"
    },
    {
      "group": 5,
      "name": "Andrew_Middleton"
    },
    {
      "group": 5,
      "name": "Todd_Mathews"
    },
    {
      "group": 5,
      "name": "Ernest_Edwards"
    },
    {
      "group": 5,
      "name": "Alton_Horn"
    },
    {
      "group": 5,
      "name": "Patrick_Williams"
    },
    {
      "group": 5,
      "name": "James_Lackey"
    },
    {
      "group": 5,
      "name": "James_Kelleher"
    },
    {
      "group": 5,
      "name": "John_Foster"
    },
    {
      "group": 5,
      "name": "Patricia_Schleusner"
    },
    {
      "group": 5,
      "name": "Beverly_Poole"
    },
    {
      "group": 5,
      "name": "Priscilla_Davis"
    },
    {
      "group": 5,
      "name": "Lyle_Simmons"
    },
    {
      "group": 5,
      "name": "Guy_Westberg"
    },
    {
      "group": 5,
      "name": "Edward_Saurel"
    },
    {
      "group": 5,
      "name": "Carol_Aldape"
    },
    {
      "group": 5,
      "name": "Keith_Plowman"
    },
    {
      "group": 5,
      "name": "Steven_Wren"
    },
    {
      "group": 5,
      "name": "Betty_Pope"
    },
    {
      "group": 5,
      "name": "Mary_Youngblood"
    },
    {
      "group": 5,
      "name": "Iris_Odonell"
    },
    {
      "group": 5,
      "name": "Stephenie_Hicks"
    },
    {
      "group": 5,
      "name": "Omar_Agustin"
    },
    {
      "group": 5,
      "name": "Shanita_Edwards"
    },
    {
      "group": 5,
      "name": "William_Niemczyk"
    },
    {
      "group": 5,
      "name": "Alvin_Carlson"
    },
    {
      "group": 5,
      "name": "Maggie_Provencher"
    },
    {
      "group": 5,
      "name": "Joseph_Taylor"
    },
    {
      "group": 5,
      "name": "Michael_Page"
    },
    {
      "group": 5,
      "name": "Whitney_Swenson"
    },
    {
      "group": 5,
      "name": "Kimberly_Ward"
    },
    {
      "group": 5,
      "name": "Thomas_Honeycutt"
    },
    {
      "group": 5,
      "name": "Marlys_Whittington"
    },
    {
      "group": 5,
      "name": "David_Caldwell"
    },
    {
      "group": 5,
      "name": "Charles_Jones"
    },
    {
      "group": 5,
      "name": "Carmen_Hunter"
    },
    {
      "group": 5,
      "name": "Alice_Goetz"
    },
    {
      "group": 5,
      "name": "Orval_Golan"
    },
    {
      "group": 5,
      "name": "Jon_Miller"
    },
    {
      "group": 5,
      "name": "Pauline_Moon"
    },
    {
      "group": 5,
      "name": "Julie_Pilkenton"
    },
    {
      "group": 5,
      "name": "Kelly_Gonzalez"
    },
    {
      "group": 5,
      "name": "Reginald_Mccaslin"
    },
    {
      "group": 5,
      "name": "Joseph_High"
    },
    {
      "group": 5,
      "name": "Ronald_Roblow"
    },
    {
      "group": 5,
      "name": "Felipe_Pargo"
    },
    {
      "group": 5,
      "name": "Harriet_Lopez"
    },
    {
      "group": 5,
      "name": "Sally_Welch"
    },
    {
      "group": 5,
      "name": "Constance_Melvin"
    },
    {
      "group": 5,
      "name": "Nathaniel_Lindsey"
    },
    {
      "group": 5,
      "name": "Fredric_Bryant"
    },
    {
      "group": 5,
      "name": "Pamela_Culligan"
    },
    {
      "group": 5,
      "name": "Jennifer_Leech"
    },
    {
      "group": 5,
      "name": "Robert_Pujol"
    }
  ],
  "links": [
    {
      "source": 0,
      "target": 1,
      "value": 1
    },
    {
      "source": 0,
      "target": 2,
      "value": 1
    },
    {
      "source": 0,
      "target": 3,
      "value": 8
    },
    {
      "source": 0,
      "target": 4,
      "value": 1
    },
    {
      "source": 0,
      "target": 5,
      "value": 2
    },
    {
      "source": 0,
      "target": 6,
      "value": 9
    },
    {
      "source": 0,
      "target": 7,
      "value": 1
    },
    {
      "source": 0,
      "target": 8,
      "value": 3
    },
    {
      "source": 9,
      "target": 10,
      "value": 1
    },
    {
      "source": 11,
      "target": 12,
      "value": 2
    },
    {
      "source": 13,
      "target": 14,
      "value": 1
    },
    {
      "source": 13,
      "target": 15,
      "value": 1
    },
    {
      "source": 13,
      "target": 16,
      "value": 7
    },
    {
      "source": 13,
      "target": 17,
      "value": 1
    },
    {
      "source": 13,
      "target": 18,
      "value": 1
    },
    {
      "source": 19,
      "target": 20,
      "value": 1
    },
    {
      "source": 19,
      "target": 21,
      "value": 2
    },
    {
      "source": 22,
      "target": 23,
      "value": 2
    },
    {
      "source": 22,
      "target": 24,
      "value": 3
    },
    {
      "source": 25,
      "target": 0,
      "value": 2
    },
    {
      "source": 25,
      "target": 21,
      "value": 8
    },
    {
      "source": 25,
      "target": 26,
      "value": 35
    },
    {
      "source": 25,
      "target": 27,
      "value": 6
    },
    {
      "source": 25,
      "target": 4,
      "value": 2
    },
    {
      "source": 25,
      "target": 28,
      "value": 1
    },
    {
      "source": 25,
      "target": 29,
      "value": 1
    },
    {
      "source": 25,
      "target": 30,
      "value": 6
    },
    {
      "source": 25,
      "target": 31,
      "value": 2
    },
    {
      "source": 25,
      "target": 32,
      "value": 3
    },
    {
      "source": 25,
      "target": 33,
      "value": 2
    },
    {
      "source": 25,
      "target": 34,
      "value": 2
    },
    {
      "source": 25,
      "target": 35,
      "value": 2
    },
    {
      "source": 25,
      "target": 36,
      "value": 1
    },
    {
      "source": 25,
      "target": 37,
      "value": 1
    },
    {
      "source": 25,
      "target": 38,
      "value": 2
    },
    {
      "source": 25,
      "target": 39,
      "value": 1
    },
    {
      "source": 25,
      "target": 40,
      "value": 2
    },
    {
      "source": 21,
      "target": 41,
      "value": 2
    },
    {
      "source": 42,
      "target": 43,
      "value": 1
    },
    {
      "source": 44,
      "target": 0,
      "value": 1
    },
    {
      "source": 44,
      "target": 45,
      "value": 1
    },
    {
      "source": 44,
      "target": 46,
      "value": 4
    },
    {
      "source": 44,
      "target": 47,
      "value": 1
    },
    {
      "source": 44,
      "target": 48,
      "value": 2
    },
    {
      "source": 44,
      "target": 34,
      "value": 7
    },
    {
      "source": 44,
      "target": 38,
      "value": 2
    },
    {
      "source": 44,
      "target": 40,
      "value": 2
    },
    {
      "source": 49,
      "target": 50,
      "value": 1
    },
    {
      "source": 49,
      "target": 51,
      "value": 8
    },
    {
      "source": 49,
      "target": 52,
      "value": 6
    },
    {
      "source": 49,
      "target": 53,
      "value": 16
    },
    {
      "source": 49,
      "target": 54,
      "value": 4
    },
    {
      "source": 49,
      "target": 55,
      "value": 2
    },
    {
      "source": 49,
      "target": 56,
      "value": 2
    },
    {
      "source": 49,
      "target": 38,
      "value": 14
    },
    {
      "source": 49,
      "target": 57,
      "value": 1
    },
    {
      "source": 58,
      "target": 59,
      "value": 1
    },
    {
      "source": 60,
      "target": 61,
      "value": 3
    },
    {
      "source": 62,
      "target": 43,
      "value": 1
    },
    {
      "source": 63,
      "target": 23,
      "value": 1
    },
    {
      "source": 64,
      "target": 65,
      "value": 1
    },
    {
      "source": 66,
      "target": 0,
      "value": 9
    },
    {
      "source": 66,
      "target": 22,
      "value": 1
    },
    {
      "source": 66,
      "target": 25,
      "value": 3
    },
    {
      "source": 66,
      "target": 65,
      "value": 5
    },
    {
      "source": 66,
      "target": 67,
      "value": 1
    },
    {
      "source": 66,
      "target": 68,
      "value": 5
    },
    {
      "source": 66,
      "target": 33,
      "value": 1
    },
    {
      "source": 66,
      "target": 69,
      "value": 7
    },
    {
      "source": 26,
      "target": 20,
      "value": 1
    },
    {
      "source": 26,
      "target": 25,
      "value": 14
    },
    {
      "source": 26,
      "target": 21,
      "value": 2
    },
    {
      "source": 26,
      "target": 4,
      "value": 4
    },
    {
      "source": 26,
      "target": 40,
      "value": 2
    },
    {
      "source": 4,
      "target": 13,
      "value": 1
    },
    {
      "source": 4,
      "target": 46,
      "value": 2
    },
    {
      "source": 4,
      "target": 2,
      "value": 1
    },
    {
      "source": 4,
      "target": 26,
      "value": 1
    },
    {
      "source": 4,
      "target": 27,
      "value": 11
    },
    {
      "source": 4,
      "target": 29,
      "value": 10
    },
    {
      "source": 4,
      "target": 16,
      "value": 1
    },
    {
      "source": 4,
      "target": 68,
      "value": 2
    },
    {
      "source": 4,
      "target": 12,
      "value": 1
    },
    {
      "source": 23,
      "target": 20,
      "value": 2
    },
    {
      "source": 23,
      "target": 27,
      "value": 1
    },
    {
      "source": 23,
      "target": 12,
      "value": 4
    },
    {
      "source": 30,
      "target": 25,
      "value": 1
    },
    {
      "source": 30,
      "target": 3,
      "value": 1
    },
    {
      "source": 30,
      "target": 4,
      "value": 2
    },
    {
      "source": 68,
      "target": 5,
      "value": 2
    },
    {
      "source": 31,
      "target": 25,
      "value": 16
    },
    {
      "source": 31,
      "target": 21,
      "value": 2
    },
    {
      "source": 31,
      "target": 26,
      "value": 1
    },
    {
      "source": 31,
      "target": 27,
      "value": 6
    },
    {
      "source": 31,
      "target": 4,
      "value": 6
    },
    {
      "source": 32,
      "target": 27,
      "value": 1
    },
    {
      "source": 32,
      "target": 4,
      "value": 14
    },
    {
      "source": 32,
      "target": 12,
      "value": 1
    },
    {
      "source": 35,
      "target": 25,
      "value": 1
    },
    {
      "source": 35,
      "target": 26,
      "value": 8
    },
    {
      "source": 35,
      "target": 4,
      "value": 5
    },
    {
      "source": 35,
      "target": 65,
      "value": 1
    },
    {
      "source": 35,
      "target": 40,
      "value": 1
    },
    {
      "source": 69,
      "target": 5,
      "value": 10
    },
    {
      "source": 56,
      "target": 4,
      "value": 1
    },
    {
      "source": 56,
      "target": 43,
      "value": 3
    },
    {
      "source": 56,
      "target": 54,
      "value": 1
    },
    {
      "source": 56,
      "target": 12,
      "value": 2
    },
    {
      "source": 41,
      "target": 21,
      "value": 1
    },
    {
      "source": 41,
      "target": 65,
      "value": 1
    }
  ]
}