{
  "nodes": [
    {
      "group": 4,
      "name": "Alecia_Walker"
    },
    {
      "group": 4,
      "name": "Wendy_Hamilton"
    },
    {
      "group": 4,
      "name": "Russell_Ruhlin"
    },
    {
      "group": 4,
      "name": "Nicholas_Mireles"
    },
    {
      "group": 4,
      "name": "Charles_Todd"
    },
    {
      "group": 4,
      "name": "Linda_Gordon"
    },
    {
      "group": 4,
      "name": "Humberto_Sulzer"
    },
    {
      "group": 4,
      "name": "Christopher_Frison"
    },
    {
      "group": 4,
      "name": "Barbara_Guignard"
    },
    {
      "group": 4,
      "name": "Benjamin_Purnell"
    },
    {
      "group": 4,
      "name": "Arthur_Naef"
    },
    {
      "group": 4,
      "name": "Donald_Yates"
    },
    {
      "group": 4,
      "name": "William_Aguillon"
    },
    {
      "group": 4,
      "name": "Rebecca_Smith"
    },
    {
      "group": 4,
      "name": "Inez_Hauser"
    },
    {
      "group": 4,
      "name": "Everett_Comeaux"
    },
    {
      "group": 4,
      "name": "Shawn_Ernst"
    },
    {
      "group": 4,
      "name": "Frances_Farley"
    },
    {
      "group": 4,
      "name": "Molly_Garnett"
    },
    {
      "group": 4,
      "name": "Kimberly_Vargas"
    },
    {
      "group": 4,
      "name": "Rosalinda_Turley"
    },
    {
      "group": 4,
      "name": "Randy_Granda"
    },
    {
      "group": 4,
      "name": "Vickey_Mclaughlin"
    },
    {
      "group": 4,
      "name": "Erin_Ayala"
    },
    {
      "group": 4,
      "name": "Clifford_Reiner"
    },
    {
      "group": 4,
      "name": "Jose_Bordner"
    },
    {
      "group": 4,
      "name": "Brian_Simmons"
    },
    {
      "group": 4,
      "name": "Steven_Peachey"
    },
    {
      "group": 4,
      "name": "George_Stewart"
    },
    {
      "group": 4,
      "name": "Bonita_Calderon"
    },
    {
      "group": 4,
      "name": "William_Jaime"
    },
    {
      "group": 4,
      "name": "Gloria_Lemle"
    },
    {
      "group": 4,
      "name": "John_Fletcher"
    },
    {
      "group": 4,
      "name": "Maureen_Kirtland"
    },
    {
      "group": 4,
      "name": "Julene_Prost"
    },
    {
      "group": 4,
      "name": "Henry_Acheson"
    },
    {
      "group": 4,
      "name": "Deborah_Jones"
    },
    {
      "group": 4,
      "name": "Buster_Harding"
    },
    {
      "group": 4,
      "name": "Cynthia_Massengale"
    },
    {
      "group": 4,
      "name": "Edward_Lentini"
    },
    {
      "group": 4,
      "name": "Heather_Mabry"
    },
    {
      "group": 4,
      "name": "Jeanene_Foster"
    },
    {
      "group": 4,
      "name": "Malcolm_Rauh"
    },
    {
      "group": 4,
      "name": "Thomas_Deel"
    },
    {
      "group": 4,
      "name": "Brittany_Valentino"
    },
    {
      "group": 4,
      "name": "Martin_Fehrle"
    },
    {
      "group": 4,
      "name": "Terry_Singleton"
    },
    {
      "group": 4,
      "name": "Lori_Manning"
    },
    {
      "group": 4,
      "name": "Stephen_Pearson"
    },
    {
      "group": 4,
      "name": "Richard_Fichter"
    },
    {
      "group": 4,
      "name": "Santos_Mayer"
    },
    {
      "group": 4,
      "name": "Brent_Gilliam"
    },
    {
      "group": 4,
      "name": "Marlys_Whittington"
    },
    {
      "group": 4,
      "name": "Julia_Schweinsberg"
    },
    {
      "group": 4,
      "name": "Mickie_Dugan"
    },
    {
      "group": 4,
      "name": "William_Murphy"
    },
    {
      "group": 4,
      "name": "Glenn_Bosio"
    },
    {
      "group": 4,
      "name": "Rhonda_Sum"
    },
    {
      "group": 4,
      "name": "Charles_Diaz"
    },
    {
      "group": 4,
      "name": "William_Johnson"
    },
    {
      "group": 4,
      "name": "Bernice_Dickey"
    },
    {
      "group": 4,
      "name": "Martha_Reul"
    },
    {
      "group": 4,
      "name": "Grant_Beltz"
    },
    {
      "group": 4,
      "name": "Janet_Channell"
    },
    {
      "group": 4,
      "name": "Haley_Stevens"
    },
    {
      "group": 4,
      "name": "Hilda_Hughes"
    },
    {
      "group": 4,
      "name": "Juan_Gray"
    },
    {
      "group": 4,
      "name": "Dennis_Thomas"
    },
    {
      "group": 4,
      "name": "Michael_Freeman"
    },
    {
      "group": 4,
      "name": "Frank_Rhoten"
    }
  ],
  "links": [
    {
      "source": 0,
      "target": 1,
      "value": 1
    },
    {
      "source": 2,
      "target": 3,
      "value": 2
    },
    {
      "source": 4,
      "target": 5,
      "value": 1
    },
    {
      "source": 4,
      "target": 6,
      "value": 1
    },
    {
      "source": 4,
      "target": 7,
      "value": 1
    },
    {
      "source": 4,
      "target": 8,
      "value": 14
    },
    {
      "source": 4,
      "target": 9,
      "value": 4
    },
    {
      "source": 4,
      "target": 10,
      "value": 2
    },
    {
      "source": 4,
      "target": 11,
      "value": 1
    },
    {
      "source": 4,
      "target": 12,
      "value": 6
    },
    {
      "source": 4,
      "target": 13,
      "value": 1
    },
    {
      "source": 4,
      "target": 14,
      "value": 18
    },
    {
      "source": 4,
      "target": 15,
      "value": 2
    },
    {
      "source": 4,
      "target": 16,
      "value": 4
    },
    {
      "source": 4,
      "target": 17,
      "value": 3
    },
    {
      "source": 4,
      "target": 18,
      "value": 2
    },
    {
      "source": 4,
      "target": 19,
      "value": 3
    },
    {
      "source": 4,
      "target": 20,
      "value": 4
    },
    {
      "source": 4,
      "target": 21,
      "value": 1
    },
    {
      "source": 4,
      "target": 22,
      "value": 1
    },
    {
      "source": 4,
      "target": 23,
      "value": 2
    },
    {
      "source": 4,
      "target": 24,
      "value": 1
    },
    {
      "source": 4,
      "target": 25,
      "value": 1
    },
    {
      "source": 4,
      "target": 26,
      "value": 1
    },
    {
      "source": 4,
      "target": 27,
      "value": 1
    },
    {
      "source": 28,
      "target": 29,
      "value": 7
    },
    {
      "source": 28,
      "target": 30,
      "value": 1
    },
    {
      "source": 28,
      "target": 31,
      "value": 6
    },
    {
      "source": 28,
      "target": 32,
      "value": 1
    },
    {
      "source": 28,
      "target": 33,
      "value": 1
    },
    {
      "source": 28,
      "target": 34,
      "value": 1
    },
    {
      "source": 28,
      "target": 35,
      "value": 1
    },
    {
      "source": 28,
      "target": 36,
      "value": 1
    },
    {
      "source": 28,
      "target": 37,
      "value": 3
    },
    {
      "source": 28,
      "target": 38,
      "value": 1
    },
    {
      "source": 28,
      "target": 39,
      "value": 2
    },
    {
      "source": 28,
      "target": 40,
      "value": 7
    },
    {
      "source": 28,
      "target": 41,
      "value": 1
    },
    {
      "source": 28,
      "target": 42,
      "value": 2
    },
    {
      "source": 28,
      "target": 43,
      "value": 1
    },
    {
      "source": 28,
      "target": 44,
      "value": 1
    },
    {
      "source": 28,
      "target": 45,
      "value": 1
    },
    {
      "source": 28,
      "target": 46,
      "value": 1
    },
    {
      "source": 28,
      "target": 47,
      "value": 14
    },
    {
      "source": 28,
      "target": 48,
      "value": 1
    },
    {
      "source": 28,
      "target": 49,
      "value": 1
    },
    {
      "source": 28,
      "target": 50,
      "value": 2
    },
    {
      "source": 28,
      "target": 51,
      "value": 1
    },
    {
      "source": 28,
      "target": 52,
      "value": 5
    },
    {
      "source": 28,
      "target": 53,
      "value": 1
    },
    {
      "source": 28,
      "target": 54,
      "value": 1
    },
    {
      "source": 28,
      "target": 55,
      "value": 1
    },
    {
      "source": 28,
      "target": 56,
      "value": 5
    },
    {
      "source": 28,
      "target": 57,
      "value": 2
    },
    {
      "source": 28,
      "target": 3,
      "value": 1
    },
    {
      "source": 28,
      "target": 58,
      "value": 1
    },
    {
      "source": 28,
      "target": 59,
      "value": 1
    },
    {
      "source": 28,
      "target": 60,
      "value": 1
    },
    {
      "source": 28,
      "target": 23,
      "value": 1
    },
    {
      "source": 28,
      "target": 61,
      "value": 1
    },
    {
      "source": 28,
      "target": 62,
      "value": 2
    },
    {
      "source": 28,
      "target": 63,
      "value": 9
    },
    {
      "source": 28,
      "target": 64,
      "value": 8
    },
    {
      "source": 65,
      "target": 66,
      "value": 1
    },
    {
      "source": 65,
      "target": 67,
      "value": 1
    },
    {
      "source": 65,
      "target": 68,
      "value": 1
    },
    {
      "source": 69,
      "target": 69,
      "value": 1
    },
    {
      "source": 69,
      "target": 53,
      "value": 1
    },
    {
      "source": 69,
      "target": 63,
      "value": 2
    },
    {
      "source": 69,
      "target": 64,
      "value": 5
    },
    {
      "source": 6,
      "target": 7,
      "value": 3
    },
    {
      "source": 6,
      "target": 25,
      "value": 2
    },
    {
      "source": 7,
      "target": 29,
      "value": 1
    },
    {
      "source": 7,
      "target": 14,
      "value": 1
    },
    {
      "source": 7,
      "target": 52,
      "value": 1
    },
    {
      "source": 8,
      "target": 4,
      "value": 4
    },
    {
      "source": 8,
      "target": 41,
      "value": 1
    },
    {
      "source": 8,
      "target": 42,
      "value": 1
    },
    {
      "source": 8,
      "target": 16,
      "value": 1
    },
    {
      "source": 8,
      "target": 26,
      "value": 12
    },
    {
      "source": 9,
      "target": 39,
      "value": 1
    },
    {
      "source": 9,
      "target": 14,
      "value": 1
    },
    {
      "source": 9,
      "target": 3,
      "value": 1
    },
    {
      "source": 14,
      "target": 29,
      "value": 2
    },
    {
      "source": 14,
      "target": 39,
      "value": 1
    },
    {
      "source": 14,
      "target": 41,
      "value": 2
    },
    {
      "source": 14,
      "target": 14,
      "value": 1
    },
    {
      "source": 14,
      "target": 49,
      "value": 1
    },
    {
      "source": 14,
      "target": 53,
      "value": 2
    },
    {
      "source": 14,
      "target": 16,
      "value": 3
    },
    {
      "source": 15,
      "target": 67,
      "value": 1
    },
    {
      "source": 15,
      "target": 53,
      "value": 6
    },
    {
      "source": 15,
      "target": 56,
      "value": 2
    },
    {
      "source": 16,
      "target": 3,
      "value": 4
    },
    {
      "source": 17,
      "target": 4,
      "value": 1
    },
    {
      "source": 17,
      "target": 28,
      "value": 3
    },
    {
      "source": 17,
      "target": 9,
      "value": 1
    },
    {
      "source": 17,
      "target": 14,
      "value": 1
    },
    {
      "source": 17,
      "target": 16,
      "value": 2
    },
    {
      "source": 17,
      "target": 23,
      "value": 3
    },
    {
      "source": 18,
      "target": 41,
      "value": 1
    },
    {
      "source": 18,
      "target": 52,
      "value": 3
    },
    {
      "source": 18,
      "target": 64,
      "value": 1
    },
    {
      "source": 23,
      "target": 31,
      "value": 3
    },
    {
      "source": 23,
      "target": 52,
      "value": 1
    },
    {
      "source": 23,
      "target": 56,
      "value": 3
    },
    {
      "source": 23,
      "target": 57,
      "value": 2
    },
    {
      "source": 23,
      "target": 63,
      "value": 1
    },
    {
      "source": 23,
      "target": 64,
      "value": 7
    },
    {
      "source": 24,
      "target": 35,
      "value": 3
    },
    {
      "source": 24,
      "target": 57,
      "value": 1
    },
    {
      "source": 26,
      "target": 66,
      "value": 1
    },
    {
      "source": 26,
      "target": 41,
      "value": 1
    },
    {
      "source": 26,
      "target": 16,
      "value": 1
    },
    {
      "source": 26,
      "target": 56,
      "value": 7
    },
    {
      "source": 26,
      "target": 63,
      "value": 1
    }
  ]
}