{
  "nodes": [
    {
      "group": 3,
      "name": "Edward_Harris"
    },
    {
      "group": 3,
      "name": "Rafael_Pelter"
    },
    {
      "group": 3,
      "name": "Earl_Meza"
    },
    {
      "group": 3,
      "name": "Beth_Fredrickson"
    },
    {
      "group": 3,
      "name": "Phillip_Zenz"
    },
    {
      "group": 3,
      "name": "Joshua_Hong"
    },
    {
      "group": 3,
      "name": "Lisa_Tanguay"
    },
    {
      "group": 3,
      "name": "Linda_Blair"
    },
    {
      "group": 3,
      "name": "Harry_Watkins"
    },
    {
      "group": 3,
      "name": "Shawn_Hayden"
    },
    {
      "group": 3,
      "name": "Benjamin_Hawkins"
    },
    {
      "group": 3,
      "name": "Rebecca_Thompson"
    },
    {
      "group": 3,
      "name": "Angel_Peterson"
    },
    {
      "group": 3,
      "name": "Cameron_Martin"
    },
    {
      "group": 3,
      "name": "Greg_Sams"
    },
    {
      "group": 3,
      "name": "Helen_Holder"
    },
    {
      "group": 3,
      "name": "Joyce_Hall"
    },
    {
      "group": 3,
      "name": "Louise_Anderson"
    },
    {
      "group": 3,
      "name": "Wm_Dixon"
    },
    {
      "group": 3,
      "name": "Dorothy_Tanner"
    },
    {
      "group": 3,
      "name": "Anthony_Rogers"
    },
    {
      "group": 3,
      "name": "Juan_Rocha"
    },
    {
      "group": 3,
      "name": "Kimberly_Milligan"
    },
    {
      "group": 3,
      "name": "Carole_Drew"
    },
    {
      "group": 3,
      "name": "Mary_Pitts"
    },
    {
      "group": 3,
      "name": "Thomas_Bauer"
    },
    {
      "group": 3,
      "name": "Deanna_Yeatts"
    },
    {
      "group": 3,
      "name": "Louis_Alexander"
    },
    {
      "group": 3,
      "name": "Roger_Coffman"
    },
    {
      "group": 3,
      "name": "James_Quinn"
    },
    {
      "group": 3,
      "name": "Patricia_Croft"
    },
    {
      "group": 3,
      "name": "Rosemary_Nelson"
    },
    {
      "group": 3,
      "name": "Rodney_Cox"
    },
    {
      "group": 3,
      "name": "Ernest_Mckeighan"
    },
    {
      "group": 3,
      "name": "Bella_Red"
    },
    {
      "group": 3,
      "name": "Araceli_Rusin"
    },
    {
      "group": 3,
      "name": "James_Mazza"
    },
    {
      "group": 3,
      "name": "Michelle_Gaston"
    },
    {
      "group": 3,
      "name": "Jonathan_Queen"
    },
    {
      "group": 3,
      "name": "Guy_Birch"
    },
    {
      "group": 3,
      "name": "Marie_Adkins"
    },
    {
      "group": 3,
      "name": "Jacqueline_Morales"
    },
    {
      "group": 3,
      "name": "Veronica_Ceravolo"
    },
    {
      "group": 3,
      "name": "Carol_Smith"
    },
    {
      "group": 3,
      "name": "Lindsay_Payne"
    },
    {
      "group": 3,
      "name": "John_Phillips"
    },
    {
      "group": 3,
      "name": "Phyllis_Cherry"
    },
    {
      "group": 3,
      "name": "Billy_Dugue"
    },
    {
      "group": 3,
      "name": "Joseph_King"
    },
    {
      "group": 3,
      "name": "Robert_Webber"
    },
    {
      "group": 3,
      "name": "Jacqueline_Bell"
    },
    {
      "group": 3,
      "name": "Gary_Cornish"
    },
    {
      "group": 3,
      "name": "Charles_Garcia"
    },
    {
      "group": 3,
      "name": "Brett_Allen"
    },
    {
      "group": 3,
      "name": "Clarence_Artiaga"
    },
    {
      "group": 3,
      "name": "Earl_Barnes"
    },
    {
      "group": 3,
      "name": "John_Rodriguez"
    },
    {
      "group": 3,
      "name": "Ryan_Hart"
    },
    {
      "group": 3,
      "name": "Scotty_Bryant"
    },
    {
      "group": 3,
      "name": "Phyllis_Armstrong"
    },
    {
      "group": 3,
      "name": "Todd_Barker"
    },
    {
      "group": 3,
      "name": "Margaret_Paul"
    },
    {
      "group": 3,
      "name": "Charles_Cox"
    },
    {
      "group": 3,
      "name": "Robert_Benck"
    },
    {
      "group": 3,
      "name": "Michael_Doctor"
    },
    {
      "group": 3,
      "name": "Scott_Jones"
    },
    {
      "group": 3,
      "name": "Sean_Brinkerhoff"
    },
    {
      "group": 3,
      "name": "Dominique_Pettaway"
    },
    {
      "group": 3,
      "name": "Gary_Phillips"
    },
    {
      "group": 3,
      "name": "Edward_Redd"
    }
  ],
  "links": [
    {
      "source": 0,
      "target": 1,
      "value": 1
    },
    {
      "source": 0,
      "target": 2,
      "value": 1
    },
    {
      "source": 0,
      "target": 3,
      "value": 1
    },
    {
      "source": 4,
      "target": 5,
      "value": 1
    },
    {
      "source": 4,
      "target": 6,
      "value": 1
    },
    {
      "source": 7,
      "target": 8,
      "value": 1
    },
    {
      "source": 9,
      "target": 10,
      "value": 3
    },
    {
      "source": 11,
      "target": 0,
      "value": 1
    },
    {
      "source": 11,
      "target": 12,
      "value": 1
    },
    {
      "source": 11,
      "target": 13,
      "value": 3
    },
    {
      "source": 11,
      "target": 14,
      "value": 1
    },
    {
      "source": 11,
      "target": 15,
      "value": 1
    },
    {
      "source": 16,
      "target": 17,
      "value": 6
    },
    {
      "source": 16,
      "target": 18,
      "value": 5
    },
    {
      "source": 19,
      "target": 20,
      "value": 1
    },
    {
      "source": 21,
      "target": 22,
      "value": 12
    },
    {
      "source": 21,
      "target": 23,
      "value": 1
    },
    {
      "source": 21,
      "target": 24,
      "value": 3
    },
    {
      "source": 21,
      "target": 25,
      "value": 6
    },
    {
      "source": 21,
      "target": 26,
      "value": 1
    },
    {
      "source": 21,
      "target": 6,
      "value": 3
    },
    {
      "source": 27,
      "target": 28,
      "value": 1
    },
    {
      "source": 27,
      "target": 29,
      "value": 2
    },
    {
      "source": 27,
      "target": 25,
      "value": 4
    },
    {
      "source": 27,
      "target": 30,
      "value": 3
    },
    {
      "source": 27,
      "target": 31,
      "value": 2
    },
    {
      "source": 27,
      "target": 32,
      "value": 2
    },
    {
      "source": 27,
      "target": 33,
      "value": 5
    },
    {
      "source": 34,
      "target": 17,
      "value": 10
    },
    {
      "source": 34,
      "target": 35,
      "value": 1
    },
    {
      "source": 36,
      "target": 37,
      "value": 1
    },
    {
      "source": 38,
      "target": 39,
      "value": 2
    },
    {
      "source": 38,
      "target": 34,
      "value": 1
    },
    {
      "source": 38,
      "target": 40,
      "value": 8
    },
    {
      "source": 38,
      "target": 32,
      "value": 2
    },
    {
      "source": 38,
      "target": 41,
      "value": 10
    },
    {
      "source": 38,
      "target": 42,
      "value": 1
    },
    {
      "source": 38,
      "target": 33,
      "value": 4
    },
    {
      "source": 43,
      "target": 31,
      "value": 1
    },
    {
      "source": 43,
      "target": 44,
      "value": 6
    },
    {
      "source": 43,
      "target": 45,
      "value": 1
    },
    {
      "source": 43,
      "target": 18,
      "value": 6
    },
    {
      "source": 43,
      "target": 46,
      "value": 1
    },
    {
      "source": 43,
      "target": 47,
      "value": 1
    },
    {
      "source": 43,
      "target": 48,
      "value": 1
    },
    {
      "source": 49,
      "target": 50,
      "value": 1
    },
    {
      "source": 49,
      "target": 51,
      "value": 1
    },
    {
      "source": 51,
      "target": 52,
      "value": 1
    },
    {
      "source": 51,
      "target": 53,
      "value": 1
    },
    {
      "source": 51,
      "target": 17,
      "value": 3
    },
    {
      "source": 51,
      "target": 25,
      "value": 1
    },
    {
      "source": 51,
      "target": 54,
      "value": 1
    },
    {
      "source": 51,
      "target": 18,
      "value": 12
    },
    {
      "source": 51,
      "target": 41,
      "value": 1
    },
    {
      "source": 51,
      "target": 55,
      "value": 1
    },
    {
      "source": 51,
      "target": 33,
      "value": 4
    },
    {
      "source": 56,
      "target": 23,
      "value": 1
    },
    {
      "source": 56,
      "target": 21,
      "value": 7
    },
    {
      "source": 56,
      "target": 57,
      "value": 1
    },
    {
      "source": 56,
      "target": 58,
      "value": 1
    },
    {
      "source": 56,
      "target": 59,
      "value": 1
    },
    {
      "source": 56,
      "target": 60,
      "value": 1
    },
    {
      "source": 61,
      "target": 10,
      "value": 3
    },
    {
      "source": 60,
      "target": 22,
      "value": 1
    },
    {
      "source": 62,
      "target": 63,
      "value": 1
    },
    {
      "source": 62,
      "target": 64,
      "value": 1
    },
    {
      "source": 62,
      "target": 43,
      "value": 2
    },
    {
      "source": 65,
      "target": 66,
      "value": 1
    },
    {
      "source": 5,
      "target": 67,
      "value": 3
    },
    {
      "source": 20,
      "target": 68,
      "value": 1
    },
    {
      "source": 20,
      "target": 25,
      "value": 1
    },
    {
      "source": 20,
      "target": 69,
      "value": 1
    },
    {
      "source": 20,
      "target": 31,
      "value": 3
    },
    {
      "source": 13,
      "target": 28,
      "value": 14
    },
    {
      "source": 13,
      "target": 11,
      "value": 5
    },
    {
      "source": 13,
      "target": 16,
      "value": 2
    },
    {
      "source": 13,
      "target": 31,
      "value": 3
    },
    {
      "source": 13,
      "target": 43,
      "value": 2
    },
    {
      "source": 13,
      "target": 40,
      "value": 6
    },
    {
      "source": 13,
      "target": 51,
      "value": 21
    },
    {
      "source": 13,
      "target": 32,
      "value": 2
    }
  ]
}