{
  "nodes": [
    {
      "group": 9,
      "name": "Nancy_Richards"
    },
    {
      "group": 9,
      "name": "Jessie_Perkins"
    },
    {
      "group": 9,
      "name": "Craig_Berhe"
    },
    {
      "group": 9,
      "name": "Thomas_Korewdit"
    },
    {
      "group": 9,
      "name": "James_Mickelsen"
    },
    {
      "group": 9,
      "name": "Daisy_Hancock"
    },
    {
      "group": 9,
      "name": "Angela_Friend"
    },
    {
      "group": 9,
      "name": "Bobby_Hartle"
    },
    {
      "group": 9,
      "name": "James_Vasquez"
    },
    {
      "group": 9,
      "name": "Matthew_Boyter"
    },
    {
      "group": 9,
      "name": "Alejandro_Humphrey"
    },
    {
      "group": 9,
      "name": "Barbara_Michaud"
    },
    {
      "group": 9,
      "name": "Eleanor_Chall"
    },
    {
      "group": 9,
      "name": "Leonard_Goad"
    },
    {
      "group": 9,
      "name": "Patricia_Barber"
    },
    {
      "group": 9,
      "name": "Dewey_Napier"
    },
    {
      "group": 9,
      "name": "Benjamin_Godwin"
    },
    {
      "group": 9,
      "name": "Eric_Ashley"
    },
    {
      "group": 9,
      "name": "Angela_Lin"
    },
    {
      "group": 9,
      "name": "Adah_Smith"
    },
    {
      "group": 9,
      "name": "Mary_Lofton"
    },
    {
      "group": 9,
      "name": "Mildred_Thomas"
    },
    {
      "group": 9,
      "name": "James_Menz"
    },
    {
      "group": 9,
      "name": "George_Townsend"
    },
    {
      "group": 9,
      "name": "Gary_Houston"
    },
    {
      "group": 9,
      "name": "Carlos_Houle"
    },
    {
      "group": 9,
      "name": "Jason_Berger"
    },
    {
      "group": 9,
      "name": "Sam_Wood"
    },
    {
      "group": 9,
      "name": "Twyla_Mcdonald"
    },
    {
      "group": 9,
      "name": "Scott_Kelley"
    },
    {
      "group": 9,
      "name": "Shirley_Ponyah"
    },
    {
      "group": 9,
      "name": "William_Nieves"
    },
    {
      "group": 9,
      "name": "Cecil_Rodas"
    },
    {
      "group": 9,
      "name": "Brenda_Colvin"
    },
    {
      "group": 9,
      "name": "Stephen_Broome"
    },
    {
      "group": 9,
      "name": "Clarence_Wrye"
    },
    {
      "group": 9,
      "name": "Karen_Stockman"
    },
    {
      "group": 9,
      "name": "Joe_Adams"
    },
    {
      "group": 9,
      "name": "Michael_Ortiz"
    },
    {
      "group": 9,
      "name": "Walter_Feldkamp"
    },
    {
      "group": 9,
      "name": "Thomas_Miller"
    },
    {
      "group": 9,
      "name": "Sheila_Foote"
    },
    {
      "group": 9,
      "name": "Ray_Baker"
    },
    {
      "group": 9,
      "name": "Robert_Riggings"
    },
    {
      "group": 9,
      "name": "Emma_Franklin"
    },
    {
      "group": 9,
      "name": "Albert_Hernandez"
    },
    {
      "group": 9,
      "name": "Melanie_Ericson"
    },
    {
      "group": 9,
      "name": "Anabel_Thompson"
    },
    {
      "group": 9,
      "name": "Shawn_Taylor"
    },
    {
      "group": 9,
      "name": "James_Sprague"
    },
    {
      "group": 9,
      "name": "Phillip_Martinez"
    },
    {
      "group": 9,
      "name": "Angel_Zimmer"
    },
    {
      "group": 9,
      "name": "Curtis_Sharp"
    },
    {
      "group": 9,
      "name": "Tammy_Robinson"
    },
    {
      "group": 9,
      "name": "Donita_Stanton"
    },
    {
      "group": 9,
      "name": "Robert_Callaghan"
    },
    {
      "group": 9,
      "name": "William_Kerr"
    },
    {
      "group": 9,
      "name": "Sherry_Houston"
    },
    {
      "group": 9,
      "name": "Charles_Obrian"
    },
    {
      "group": 9,
      "name": "Alvin_Neeley"
    },
    {
      "group": 9,
      "name": "Jack_Moreno"
    },
    {
      "group": 9,
      "name": "Walter_Beaufort"
    },
    {
      "group": 9,
      "name": "Mary_Mcmahan"
    },
    {
      "group": 9,
      "name": "Janice_Okeefe"
    },
    {
      "group": 9,
      "name": "Herbert_Tamez"
    },
    {
      "group": 9,
      "name": "Frederick_Ash"
    },
    {
      "group": 9,
      "name": "George_Holcomb"
    },
    {
      "group": 9,
      "name": "Keith_Edwards"
    },
    {
      "group": 9,
      "name": "Pablo_Morgan"
    },
    {
      "group": 9,
      "name": "Teresa_Ermitanio"
    }
  ],
  "links": [
    {
      "source": 0,
      "target": 1,
      "value": 1
    },
    {
      "source": 0,
      "target": 2,
      "value": 2
    },
    {
      "source": 3,
      "target": 4,
      "value": 1
    },
    {
      "source": 5,
      "target": 6,
      "value": 1
    },
    {
      "source": 5,
      "target": 7,
      "value": 1
    },
    {
      "source": 5,
      "target": 8,
      "value": 2
    },
    {
      "source": 9,
      "target": 10,
      "value": 2
    },
    {
      "source": 9,
      "target": 11,
      "value": 2
    },
    {
      "source": 12,
      "target": 13,
      "value": 1
    },
    {
      "source": 14,
      "target": 15,
      "value": 1
    },
    {
      "source": 14,
      "target": 16,
      "value": 1
    },
    {
      "source": 14,
      "target": 7,
      "value": 1
    },
    {
      "source": 14,
      "target": 17,
      "value": 1
    },
    {
      "source": 14,
      "target": 18,
      "value": 1
    },
    {
      "source": 14,
      "target": 19,
      "value": 1
    },
    {
      "source": 16,
      "target": 14,
      "value": 7
    },
    {
      "source": 16,
      "target": 20,
      "value": 9
    },
    {
      "source": 16,
      "target": 21,
      "value": 2
    },
    {
      "source": 16,
      "target": 22,
      "value": 1
    },
    {
      "source": 16,
      "target": 23,
      "value": 1
    },
    {
      "source": 16,
      "target": 24,
      "value": 2
    },
    {
      "source": 16,
      "target": 25,
      "value": 3
    },
    {
      "source": 16,
      "target": 26,
      "value": 2
    },
    {
      "source": 16,
      "target": 27,
      "value": 2
    },
    {
      "source": 16,
      "target": 28,
      "value": 2
    },
    {
      "source": 16,
      "target": 29,
      "value": 11
    },
    {
      "source": 16,
      "target": 30,
      "value": 9
    },
    {
      "source": 16,
      "target": 31,
      "value": 3
    },
    {
      "source": 16,
      "target": 32,
      "value": 2
    },
    {
      "source": 16,
      "target": 33,
      "value": 1
    },
    {
      "source": 16,
      "target": 34,
      "value": 11
    },
    {
      "source": 16,
      "target": 35,
      "value": 3
    },
    {
      "source": 16,
      "target": 36,
      "value": 1
    },
    {
      "source": 16,
      "target": 37,
      "value": 1
    },
    {
      "source": 16,
      "target": 38,
      "value": 1
    },
    {
      "source": 16,
      "target": 39,
      "value": 2
    },
    {
      "source": 16,
      "target": 40,
      "value": 11
    },
    {
      "source": 16,
      "target": 41,
      "value": 2
    },
    {
      "source": 16,
      "target": 42,
      "value": 1
    },
    {
      "source": 16,
      "target": 43,
      "value": 3
    },
    {
      "source": 16,
      "target": 44,
      "value": 1
    },
    {
      "source": 45,
      "target": 46,
      "value": 7
    },
    {
      "source": 45,
      "target": 47,
      "value": 7
    },
    {
      "source": 20,
      "target": 16,
      "value": 3
    },
    {
      "source": 20,
      "target": 48,
      "value": 1
    },
    {
      "source": 20,
      "target": 21,
      "value": 2
    },
    {
      "source": 20,
      "target": 49,
      "value": 1
    },
    {
      "source": 20,
      "target": 50,
      "value": 2
    },
    {
      "source": 20,
      "target": 51,
      "value": 5
    },
    {
      "source": 20,
      "target": 52,
      "value": 1
    },
    {
      "source": 20,
      "target": 6,
      "value": 1
    },
    {
      "source": 20,
      "target": 53,
      "value": 2
    },
    {
      "source": 20,
      "target": 2,
      "value": 3
    },
    {
      "source": 20,
      "target": 54,
      "value": 1
    },
    {
      "source": 20,
      "target": 55,
      "value": 1
    },
    {
      "source": 20,
      "target": 32,
      "value": 3
    },
    {
      "source": 20,
      "target": 56,
      "value": 1
    },
    {
      "source": 20,
      "target": 57,
      "value": 1
    },
    {
      "source": 20,
      "target": 58,
      "value": 1
    },
    {
      "source": 20,
      "target": 59,
      "value": 1
    },
    {
      "source": 20,
      "target": 37,
      "value": 2
    },
    {
      "source": 20,
      "target": 60,
      "value": 1
    },
    {
      "source": 61,
      "target": 62,
      "value": 1
    },
    {
      "source": 63,
      "target": 64,
      "value": 1
    },
    {
      "source": 65,
      "target": 66,
      "value": 3
    },
    {
      "source": 67,
      "target": 68,
      "value": 1
    },
    {
      "source": 67,
      "target": 69,
      "value": 1
    },
    {
      "source": 67,
      "target": 7,
      "value": 1
    },
    {
      "source": 21,
      "target": 16,
      "value": 3
    },
    {
      "source": 21,
      "target": 20,
      "value": 5
    },
    {
      "source": 21,
      "target": 48,
      "value": 1
    },
    {
      "source": 21,
      "target": 50,
      "value": 1
    },
    {
      "source": 21,
      "target": 6,
      "value": 2
    },
    {
      "source": 21,
      "target": 53,
      "value": 1
    },
    {
      "source": 21,
      "target": 2,
      "value": 1
    },
    {
      "source": 21,
      "target": 32,
      "value": 1
    },
    {
      "source": 21,
      "target": 56,
      "value": 1
    },
    {
      "source": 21,
      "target": 59,
      "value": 5
    },
    {
      "source": 21,
      "target": 37,
      "value": 1
    },
    {
      "source": 50,
      "target": 21,
      "value": 1
    },
    {
      "source": 53,
      "target": 51,
      "value": 1
    },
    {
      "source": 2,
      "target": 48,
      "value": 4
    },
    {
      "source": 2,
      "target": 50,
      "value": 1
    },
    {
      "source": 2,
      "target": 52,
      "value": 1
    },
    {
      "source": 2,
      "target": 6,
      "value": 14
    },
    {
      "source": 2,
      "target": 53,
      "value": 3
    },
    {
      "source": 2,
      "target": 59,
      "value": 1
    },
    {
      "source": 13,
      "target": 6,
      "value": 1
    },
    {
      "source": 13,
      "target": 7,
      "value": 2
    },
    {
      "source": 25,
      "target": 16,
      "value": 1
    },
    {
      "source": 25,
      "target": 53,
      "value": 2
    },
    {
      "source": 25,
      "target": 31,
      "value": 2
    },
    {
      "source": 25,
      "target": 59,
      "value": 1
    },
    {
      "source": 29,
      "target": 16,
      "value": 36
    },
    {
      "source": 29,
      "target": 48,
      "value": 2
    },
    {
      "source": 29,
      "target": 27,
      "value": 47
    },
    {
      "source": 29,
      "target": 40,
      "value": 5
    },
    {
      "source": 30,
      "target": 15,
      "value": 10
    },
    {
      "source": 30,
      "target": 48,
      "value": 18
    },
    {
      "source": 30,
      "target": 51,
      "value": 10
    },
    {
      "source": 30,
      "target": 6,
      "value": 67
    },
    {
      "source": 30,
      "target": 8,
      "value": 1
    },
    {
      "source": 30,
      "target": 17,
      "value": 12
    },
    {
      "source": 30,
      "target": 57,
      "value": 29
    },
    {
      "source": 30,
      "target": 39,
      "value": 2
    },
    {
      "source": 55,
      "target": 15,
      "value": 2
    },
    {
      "source": 55,
      "target": 16,
      "value": 3
    },
    {
      "source": 55,
      "target": 48,
      "value": 7
    },
    {
      "source": 55,
      "target": 52,
      "value": 3
    },
    {
      "source": 55,
      "target": 17,
      "value": 17
    },
    {
      "source": 55,
      "target": 27,
      "value": 9
    },
    {
      "source": 55,
      "target": 31,
      "value": 15
    },
    {
      "source": 55,
      "target": 4,
      "value": 1
    },
    {
      "source": 55,
      "target": 57,
      "value": 1
    },
    {
      "source": 55,
      "target": 60,
      "value": 1
    },
    {
      "source": 32,
      "target": 6,
      "value": 1
    },
    {
      "source": 32,
      "target": 7,
      "value": 1
    },
    {
      "source": 32,
      "target": 31,
      "value": 1
    },
    {
      "source": 32,
      "target": 57,
      "value": 1
    },
    {
      "source": 58,
      "target": 20,
      "value": 3
    },
    {
      "source": 34,
      "target": 16,
      "value": 35
    },
    {
      "source": 34,
      "target": 48,
      "value": 1
    },
    {
      "source": 34,
      "target": 6,
      "value": 4
    },
    {
      "source": 35,
      "target": 16,
      "value": 5
    },
    {
      "source": 35,
      "target": 34,
      "value": 1
    },
    {
      "source": 36,
      "target": 3,
      "value": 1
    },
    {
      "source": 36,
      "target": 16,
      "value": 6
    },
    {
      "source": 36,
      "target": 20,
      "value": 9
    },
    {
      "source": 36,
      "target": 50,
      "value": 2
    },
    {
      "source": 36,
      "target": 6,
      "value": 3
    },
    {
      "source": 36,
      "target": 30,
      "value": 1
    },
    {
      "source": 36,
      "target": 34,
      "value": 3
    },
    {
      "source": 36,
      "target": 59,
      "value": 2
    },
    {
      "source": 36,
      "target": 39,
      "value": 6
    },
    {
      "source": 36,
      "target": 40,
      "value": 1
    },
    {
      "source": 59,
      "target": 48,
      "value": 1
    },
    {
      "source": 59,
      "target": 6,
      "value": 14
    },
    {
      "source": 59,
      "target": 7,
      "value": 1
    },
    {
      "source": 59,
      "target": 27,
      "value": 2
    },
    {
      "source": 59,
      "target": 66,
      "value": 5
    },
    {
      "source": 59,
      "target": 57,
      "value": 5
    },
    {
      "source": 37,
      "target": 51,
      "value": 4
    },
    {
      "source": 37,
      "target": 52,
      "value": 3
    },
    {
      "source": 37,
      "target": 53,
      "value": 1
    },
    {
      "source": 39,
      "target": 16,
      "value": 8
    },
    {
      "source": 39,
      "target": 7,
      "value": 1
    },
    {
      "source": 39,
      "target": 27,
      "value": 1
    },
    {
      "source": 39,
      "target": 4,
      "value": 1
    },
    {
      "source": 40,
      "target": 16,
      "value": 24
    },
    {
      "source": 40,
      "target": 51,
      "value": 1
    },
    {
      "source": 40,
      "target": 6,
      "value": 3
    },
    {
      "source": 40,
      "target": 7,
      "value": 2
    },
    {
      "source": 40,
      "target": 8,
      "value": 2
    },
    {
      "source": 40,
      "target": 26,
      "value": 2
    },
    {
      "source": 40,
      "target": 27,
      "value": 9
    },
    {
      "source": 40,
      "target": 31,
      "value": 3
    },
    {
      "source": 40,
      "target": 32,
      "value": 1
    },
    {
      "source": 41,
      "target": 16,
      "value": 39
    },
    {
      "source": 41,
      "target": 26,
      "value": 2
    },
    {
      "source": 41,
      "target": 27,
      "value": 2
    },
    {
      "source": 41,
      "target": 40,
      "value": 1
    },
    {
      "source": 43,
      "target": 16,
      "value": 2
    }
  ]
}