{
  "nodes": [
    {
      "group": 14,
      "name": "Harry_Jones"
    },
    {
      "group": 14,
      "name": "Keith_Nichols"
    },
    {
      "group": 14,
      "name": "Cuc_Pizarro"
    },
    {
      "group": 14,
      "name": "Maria_Sherbert"
    },
    {
      "group": 14,
      "name": "Phillip_Tabak"
    },
    {
      "group": 14,
      "name": "Chris_Spence"
    },
    {
      "group": 14,
      "name": "Andrea_Longtin"
    },
    {
      "group": 14,
      "name": "Seth_England"
    },
    {
      "group": 14,
      "name": "Derrick_Middleton"
    },
    {
      "group": 14,
      "name": "Mary_Matteson"
    },
    {
      "group": 14,
      "name": "David_Bouchard"
    },
    {
      "group": 14,
      "name": "Karen_Ramirez"
    },
    {
      "group": 14,
      "name": "Robert_Barham"
    },
    {
      "group": 14,
      "name": "Christopher_Lunsford"
    },
    {
      "group": 14,
      "name": "Dick_Garza"
    },
    {
      "group": 14,
      "name": "Bruce_Guest"
    },
    {
      "group": 14,
      "name": "Norma_Glueck"
    },
    {
      "group": 14,
      "name": "Shawn_Rago"
    },
    {
      "group": 14,
      "name": "Danielle_Smith"
    },
    {
      "group": 14,
      "name": "Steve_Miller"
    },
    {
      "group": 14,
      "name": "Eric_Ashley"
    },
    {
      "group": 14,
      "name": "Sonia_Levine"
    },
    {
      "group": 14,
      "name": "Dawn_Padilla"
    },
    {
      "group": 14,
      "name": "Fred_Hudson"
    },
    {
      "group": 14,
      "name": "Teresa_Murray"
    },
    {
      "group": 14,
      "name": "Luke_Cherry"
    },
    {
      "group": 14,
      "name": "Hazel_Howell"
    },
    {
      "group": 14,
      "name": "Scott_Melton"
    },
    {
      "group": 14,
      "name": "Larry_Zaldivar"
    },
    {
      "group": 14,
      "name": "Steven_Kinney"
    },
    {
      "group": 14,
      "name": "Jeffrey_Horsley"
    },
    {
      "group": 14,
      "name": "Joshua_Wright"
    },
    {
      "group": 14,
      "name": "Christopher_Willis"
    },
    {
      "group": 14,
      "name": "Odessa_Forman"
    },
    {
      "group": 14,
      "name": "Louis_Waggoner"
    },
    {
      "group": 14,
      "name": "Paul_Zabel"
    },
    {
      "group": 14,
      "name": "Kathleen_Ozzella"
    },
    {
      "group": 14,
      "name": "Julia_Hamilton"
    },
    {
      "group": 14,
      "name": "Marion_Fuller"
    },
    {
      "group": 14,
      "name": "Donald_Lichlyter"
    },
    {
      "group": 14,
      "name": "Katie_Thompson"
    },
    {
      "group": 14,
      "name": "James_Strom"
    },
    {
      "group": 14,
      "name": "Joy_Lee"
    },
    {
      "group": 14,
      "name": "Sang_Cruz"
    },
    {
      "group": 14,
      "name": "Shirley_Anderson"
    },
    {
      "group": 14,
      "name": "Ashley_Siefkes"
    },
    {
      "group": 14,
      "name": "Amanda_Vega"
    },
    {
      "group": 14,
      "name": "Albert_Garcia"
    },
    {
      "group": 14,
      "name": "Leroy_Kinder"
    },
    {
      "group": 14,
      "name": "Kyle_Adams"
    },
    {
      "group": 14,
      "name": "Ronald_Ontiveros"
    },
    {
      "group": 14,
      "name": "Erik_Davis"
    },
    {
      "group": 14,
      "name": "Kurt_Palmese"
    },
    {
      "group": 14,
      "name": "Phyllis_Leggett"
    },
    {
      "group": 14,
      "name": "Robert_Perkins"
    },
    {
      "group": 14,
      "name": "Walter_Honse"
    },
    {
      "group": 14,
      "name": "Lisa_Bailey"
    },
    {
      "group": 14,
      "name": "Kevin_Mcmichael"
    },
    {
      "group": 14,
      "name": "Tammy_Sugar"
    },
    {
      "group": 14,
      "name": "Samantha_Paterson"
    },
    {
      "group": 14,
      "name": "James_Robinson"
    },
    {
      "group": 14,
      "name": "Adrian_Loggins"
    },
    {
      "group": 14,
      "name": "Heather_Musgrove"
    },
    {
      "group": 14,
      "name": "Marta_Sheehan"
    },
    {
      "group": 14,
      "name": "Charles_Thomas"
    },
    {
      "group": 14,
      "name": "William_Abuaita"
    },
    {
      "group": 14,
      "name": "James_Ishak"
    },
    {
      "group": 14,
      "name": "Patrica_Perrone"
    },
    {
      "group": 14,
      "name": "Brian_Thomas"
    },
    {
      "group": 14,
      "name": "Patricia_Holmes"
    }
  ],
  "links": [
    {
      "source": 0,
      "target": 1,
      "value": 1
    },
    {
      "source": 0,
      "target": 2,
      "value": 6
    },
    {
      "source": 0,
      "target": 3,
      "value": 4
    },
    {
      "source": 0,
      "target": 4,
      "value": 6
    },
    {
      "source": 0,
      "target": 5,
      "value": 2
    },
    {
      "source": 0,
      "target": 6,
      "value": 1
    },
    {
      "source": 0,
      "target": 7,
      "value": 3
    },
    {
      "source": 0,
      "target": 8,
      "value": 3
    },
    {
      "source": 0,
      "target": 9,
      "value": 3
    },
    {
      "source": 0,
      "target": 10,
      "value": 5
    },
    {
      "source": 0,
      "target": 11,
      "value": 1
    },
    {
      "source": 0,
      "target": 12,
      "value": 1
    },
    {
      "source": 0,
      "target": 13,
      "value": 1
    },
    {
      "source": 0,
      "target": 14,
      "value": 8
    },
    {
      "source": 0,
      "target": 15,
      "value": 1
    },
    {
      "source": 0,
      "target": 16,
      "value": 1
    },
    {
      "source": 0,
      "target": 17,
      "value": 13
    },
    {
      "source": 0,
      "target": 18,
      "value": 2
    },
    {
      "source": 0,
      "target": 19,
      "value": 1
    },
    {
      "source": 0,
      "target": 20,
      "value": 3
    },
    {
      "source": 0,
      "target": 21,
      "value": 1
    },
    {
      "source": 0,
      "target": 22,
      "value": 1
    },
    {
      "source": 0,
      "target": 23,
      "value": 1
    },
    {
      "source": 0,
      "target": 24,
      "value": 1
    },
    {
      "source": 0,
      "target": 25,
      "value": 3
    },
    {
      "source": 0,
      "target": 26,
      "value": 1
    },
    {
      "source": 0,
      "target": 27,
      "value": 1
    },
    {
      "source": 0,
      "target": 28,
      "value": 9
    },
    {
      "source": 0,
      "target": 29,
      "value": 1
    },
    {
      "source": 0,
      "target": 30,
      "value": 1
    },
    {
      "source": 0,
      "target": 31,
      "value": 1
    },
    {
      "source": 0,
      "target": 32,
      "value": 1
    },
    {
      "source": 0,
      "target": 33,
      "value": 1
    },
    {
      "source": 0,
      "target": 34,
      "value": 2
    },
    {
      "source": 0,
      "target": 35,
      "value": 2
    },
    {
      "source": 0,
      "target": 36,
      "value": 2
    },
    {
      "source": 0,
      "target": 37,
      "value": 1
    },
    {
      "source": 0,
      "target": 38,
      "value": 1
    },
    {
      "source": 0,
      "target": 39,
      "value": 7
    },
    {
      "source": 0,
      "target": 40,
      "value": 3
    },
    {
      "source": 41,
      "target": 42,
      "value": 1
    },
    {
      "source": 43,
      "target": 44,
      "value": 2
    },
    {
      "source": 43,
      "target": 45,
      "value": 7
    },
    {
      "source": 46,
      "target": 47,
      "value": 1
    },
    {
      "source": 48,
      "target": 49,
      "value": 1
    },
    {
      "source": 48,
      "target": 50,
      "value": 7
    },
    {
      "source": 48,
      "target": 51,
      "value": 4
    },
    {
      "source": 48,
      "target": 52,
      "value": 1
    },
    {
      "source": 53,
      "target": 54,
      "value": 2
    },
    {
      "source": 55,
      "target": 3,
      "value": 16
    },
    {
      "source": 56,
      "target": 57,
      "value": 1
    },
    {
      "source": 56,
      "target": 58,
      "value": 13
    },
    {
      "source": 59,
      "target": 60,
      "value": 1
    },
    {
      "source": 59,
      "target": 61,
      "value": 3
    },
    {
      "source": 59,
      "target": 62,
      "value": 3
    },
    {
      "source": 59,
      "target": 63,
      "value": 7
    },
    {
      "source": 64,
      "target": 65,
      "value": 29
    },
    {
      "source": 64,
      "target": 66,
      "value": 1
    },
    {
      "source": 67,
      "target": 68,
      "value": 4
    },
    {
      "source": 67,
      "target": 69,
      "value": 4
    },
    {
      "source": 51,
      "target": 48,
      "value": 3
    },
    {
      "source": 54,
      "target": 57,
      "value": 11
    },
    {
      "source": 54,
      "target": 3,
      "value": 2
    },
    {
      "source": 54,
      "target": 8,
      "value": 4
    },
    {
      "source": 54,
      "target": 10,
      "value": 2
    },
    {
      "source": 54,
      "target": 28,
      "value": 20
    }
  ]
}