{
  "nodes": [
    {
      "group": 11,
      "name": "Lawrence_Pierce"
    },
    {
      "group": 11,
      "name": "Linda_Carrico"
    },
    {
      "group": 11,
      "name": "Ira_Mcintyre"
    },
    {
      "group": 11,
      "name": "Loretta_Gurnett"
    },
    {
      "group": 11,
      "name": "Patricia_Birchall"
    },
    {
      "group": 11,
      "name": "Charles_Burton"
    },
    {
      "group": 11,
      "name": "Crystal_Leclair"
    },
    {
      "group": 11,
      "name": "Troy_Spracklen"
    },
    {
      "group": 11,
      "name": "Sandra_Tidwell"
    },
    {
      "group": 11,
      "name": "Richard_Nielsen"
    },
    {
      "group": 11,
      "name": "Charles_Johnson"
    },
    {
      "group": 11,
      "name": "Iva_Reimers"
    },
    {
      "group": 11,
      "name": "Dona_Galvan"
    },
    {
      "group": 11,
      "name": "Christina_Ortiz"
    },
    {
      "group": 11,
      "name": "Jean_Nunez"
    },
    {
      "group": 11,
      "name": "Dewayne_Felter"
    },
    {
      "group": 11,
      "name": "William_Mccormack"
    },
    {
      "group": 11,
      "name": "Sara_Morataya"
    },
    {
      "group": 11,
      "name": "Scott_Clontz"
    },
    {
      "group": 11,
      "name": "Nancy_Phelps"
    },
    {
      "group": 11,
      "name": "Paul_Gooslin"
    },
    {
      "group": 11,
      "name": "Grace_Pounds"
    },
    {
      "group": 11,
      "name": "Heidi_Hosley"
    },
    {
      "group": 11,
      "name": "Shawn_Leger"
    },
    {
      "group": 11,
      "name": "Edna_Myers"
    },
    {
      "group": 11,
      "name": "Sylvia_Franzese"
    },
    {
      "group": 11,
      "name": "Doris_Martin"
    },
    {
      "group": 11,
      "name": "Josephine_Stout"
    },
    {
      "group": 11,
      "name": "Rebecca_Dearth"
    },
    {
      "group": 11,
      "name": "Maria_Salo"
    },
    {
      "group": 11,
      "name": "Nancy_Deschamps"
    },
    {
      "group": 11,
      "name": "Lois_Wilcox"
    },
    {
      "group": 11,
      "name": "Heather_Snodgrass"
    },
    {
      "group": 11,
      "name": "Joel_Pollock"
    },
    {
      "group": 11,
      "name": "Stephanie_Hampton"
    },
    {
      "group": 11,
      "name": "Amber_Romero"
    },
    {
      "group": 11,
      "name": "Bradley_Jackson"
    },
    {
      "group": 11,
      "name": "Fannie_Cox"
    },
    {
      "group": 11,
      "name": "Joshua_Goad"
    },
    {
      "group": 11,
      "name": "Renee_Wylie"
    },
    {
      "group": 11,
      "name": "Marsha_Kelley"
    },
    {
      "group": 11,
      "name": "Henry_Hunter"
    },
    {
      "group": 11,
      "name": "Omar_Jones"
    },
    {
      "group": 11,
      "name": "Carlos_Nickerson"
    },
    {
      "group": 11,
      "name": "Donald_Thomas"
    },
    {
      "group": 11,
      "name": "Alexis_Williams"
    },
    {
      "group": 11,
      "name": "Daniel_Sallie"
    },
    {
      "group": 11,
      "name": "Sarah_Vannatta"
    },
    {
      "group": 11,
      "name": "Lacresha_Nelson"
    },
    {
      "group": 11,
      "name": "Wilbur_Honey"
    },
    {
      "group": 11,
      "name": "Theodore_Hodgson"
    },
    {
      "group": 11,
      "name": "Alice_Casas"
    },
    {
      "group": 11,
      "name": "Monte_Saunders"
    },
    {
      "group": 11,
      "name": "Erika_Pitts"
    },
    {
      "group": 11,
      "name": "Wendy_Haskins"
    },
    {
      "group": 11,
      "name": "Donita_Renner"
    },
    {
      "group": 11,
      "name": "Shelley_Jones"
    },
    {
      "group": 11,
      "name": "Lauretta_Hatchett"
    },
    {
      "group": 11,
      "name": "Mary_Hackwell"
    },
    {
      "group": 11,
      "name": "Kimberly_Anderson"
    },
    {
      "group": 11,
      "name": "Donald_Edwards"
    },
    {
      "group": 11,
      "name": "Brian_Norwood"
    },
    {
      "group": 11,
      "name": "Florence_Williams"
    },
    {
      "group": 11,
      "name": "Joseph_Mazzariello"
    },
    {
      "group": 11,
      "name": "John_Jackson"
    },
    {
      "group": 11,
      "name": "Everett_Mitchell"
    },
    {
      "group": 11,
      "name": "Deloris_Newberry"
    },
    {
      "group": 11,
      "name": "Paul_Gorenberg"
    },
    {
      "group": 11,
      "name": "Morgan_Mulchrone"
    },
    {
      "group": 11,
      "name": "Steve_Clark"
    },
    {
      "group": 11,
      "name": "Wilmer_Burnstein"
    }
  ],
  "links": [
    {
      "source": 0,
      "target": 1,
      "value": 4
    },
    {
      "source": 2,
      "target": 3,
      "value": 1
    },
    {
      "source": 2,
      "target": 4,
      "value": 1
    },
    {
      "source": 5,
      "target": 6,
      "value": 30
    },
    {
      "source": 5,
      "target": 7,
      "value": 3
    },
    {
      "source": 5,
      "target": 8,
      "value": 1
    },
    {
      "source": 5,
      "target": 9,
      "value": 3
    },
    {
      "source": 5,
      "target": 10,
      "value": 14
    },
    {
      "source": 5,
      "target": 3,
      "value": 4
    },
    {
      "source": 5,
      "target": 11,
      "value": 4
    },
    {
      "source": 5,
      "target": 12,
      "value": 4
    },
    {
      "source": 5,
      "target": 13,
      "value": 16
    },
    {
      "source": 5,
      "target": 14,
      "value": 9
    },
    {
      "source": 5,
      "target": 15,
      "value": 4
    },
    {
      "source": 5,
      "target": 16,
      "value": 15
    },
    {
      "source": 5,
      "target": 17,
      "value": 1
    },
    {
      "source": 5,
      "target": 18,
      "value": 42
    },
    {
      "source": 5,
      "target": 19,
      "value": 1
    },
    {
      "source": 5,
      "target": 20,
      "value": 1
    },
    {
      "source": 5,
      "target": 21,
      "value": 1
    },
    {
      "source": 5,
      "target": 22,
      "value": 1
    },
    {
      "source": 23,
      "target": 24,
      "value": 1
    },
    {
      "source": 23,
      "target": 25,
      "value": 2
    },
    {
      "source": 23,
      "target": 26,
      "value": 1
    },
    {
      "source": 23,
      "target": 27,
      "value": 2
    },
    {
      "source": 23,
      "target": 28,
      "value": 2
    },
    {
      "source": 29,
      "target": 30,
      "value": 1
    },
    {
      "source": 29,
      "target": 31,
      "value": 1
    },
    {
      "source": 29,
      "target": 32,
      "value": 1
    },
    {
      "source": 29,
      "target": 33,
      "value": 1
    },
    {
      "source": 29,
      "target": 34,
      "value": 1
    },
    {
      "source": 29,
      "target": 35,
      "value": 2
    },
    {
      "source": 36,
      "target": 37,
      "value": 1
    },
    {
      "source": 36,
      "target": 38,
      "value": 2
    },
    {
      "source": 36,
      "target": 39,
      "value": 1
    },
    {
      "source": 40,
      "target": 41,
      "value": 4
    },
    {
      "source": 40,
      "target": 42,
      "value": 1
    },
    {
      "source": 40,
      "target": 43,
      "value": 1
    },
    {
      "source": 40,
      "target": 44,
      "value": 1
    },
    {
      "source": 40,
      "target": 45,
      "value": 2
    },
    {
      "source": 40,
      "target": 46,
      "value": 5
    },
    {
      "source": 40,
      "target": 47,
      "value": 3
    },
    {
      "source": 40,
      "target": 48,
      "value": 1
    },
    {
      "source": 40,
      "target": 49,
      "value": 1
    },
    {
      "source": 40,
      "target": 50,
      "value": 13
    },
    {
      "source": 40,
      "target": 51,
      "value": 3
    },
    {
      "source": 40,
      "target": 52,
      "value": 1
    },
    {
      "source": 40,
      "target": 53,
      "value": 1
    },
    {
      "source": 40,
      "target": 54,
      "value": 7
    },
    {
      "source": 40,
      "target": 55,
      "value": 29
    },
    {
      "source": 40,
      "target": 56,
      "value": 1
    },
    {
      "source": 40,
      "target": 57,
      "value": 1
    },
    {
      "source": 40,
      "target": 58,
      "value": 1
    },
    {
      "source": 40,
      "target": 59,
      "value": 1
    },
    {
      "source": 40,
      "target": 60,
      "value": 1
    },
    {
      "source": 40,
      "target": 61,
      "value": 1
    },
    {
      "source": 40,
      "target": 62,
      "value": 1
    },
    {
      "source": 40,
      "target": 15,
      "value": 4
    },
    {
      "source": 40,
      "target": 63,
      "value": 2
    },
    {
      "source": 40,
      "target": 64,
      "value": 1
    },
    {
      "source": 40,
      "target": 20,
      "value": 1
    },
    {
      "source": 40,
      "target": 65,
      "value": 3
    },
    {
      "source": 66,
      "target": 7,
      "value": 1
    },
    {
      "source": 67,
      "target": 68,
      "value": 13
    },
    {
      "source": 69,
      "target": 70,
      "value": 1
    },
    {
      "source": 69,
      "target": 62,
      "value": 1
    },
    {
      "source": 46,
      "target": 40,
      "value": 16
    },
    {
      "source": 46,
      "target": 24,
      "value": 1
    },
    {
      "source": 46,
      "target": 7,
      "value": 2
    },
    {
      "source": 46,
      "target": 27,
      "value": 2
    },
    {
      "source": 46,
      "target": 50,
      "value": 5
    },
    {
      "source": 46,
      "target": 51,
      "value": 4
    },
    {
      "source": 46,
      "target": 15,
      "value": 8
    },
    {
      "source": 46,
      "target": 20,
      "value": 1
    },
    {
      "source": 46,
      "target": 34,
      "value": 1
    },
    {
      "source": 46,
      "target": 22,
      "value": 3
    },
    {
      "source": 50,
      "target": 40,
      "value": 21
    },
    {
      "source": 50,
      "target": 7,
      "value": 5
    },
    {
      "source": 50,
      "target": 45,
      "value": 1
    },
    {
      "source": 50,
      "target": 51,
      "value": 4
    },
    {
      "source": 50,
      "target": 70,
      "value": 9
    },
    {
      "source": 50,
      "target": 54,
      "value": 2
    },
    {
      "source": 50,
      "target": 15,
      "value": 9
    },
    {
      "source": 50,
      "target": 16,
      "value": 1
    },
    {
      "source": 50,
      "target": 18,
      "value": 1
    },
    {
      "source": 10,
      "target": 20,
      "value": 1
    },
    {
      "source": 3,
      "target": 25,
      "value": 2
    },
    {
      "source": 3,
      "target": 7,
      "value": 51
    },
    {
      "source": 3,
      "target": 8,
      "value": 3
    },
    {
      "source": 3,
      "target": 45,
      "value": 1
    },
    {
      "source": 3,
      "target": 51,
      "value": 1
    },
    {
      "source": 3,
      "target": 54,
      "value": 8
    },
    {
      "source": 3,
      "target": 55,
      "value": 3
    },
    {
      "source": 3,
      "target": 14,
      "value": 19
    },
    {
      "source": 3,
      "target": 15,
      "value": 17
    },
    {
      "source": 3,
      "target": 16,
      "value": 5
    },
    {
      "source": 3,
      "target": 20,
      "value": 12
    },
    {
      "source": 3,
      "target": 21,
      "value": 3
    },
    {
      "source": 3,
      "target": 22,
      "value": 1
    },
    {
      "source": 51,
      "target": 46,
      "value": 2
    },
    {
      "source": 51,
      "target": 50,
      "value": 1
    },
    {
      "source": 51,
      "target": 63,
      "value": 1
    },
    {
      "source": 51,
      "target": 22,
      "value": 6
    },
    {
      "source": 1,
      "target": 0,
      "value": 4
    },
    {
      "source": 1,
      "target": 40,
      "value": 1
    },
    {
      "source": 1,
      "target": 7,
      "value": 2
    },
    {
      "source": 1,
      "target": 3,
      "value": 1
    },
    {
      "source": 1,
      "target": 54,
      "value": 3
    },
    {
      "source": 1,
      "target": 56,
      "value": 1
    },
    {
      "source": 1,
      "target": 15,
      "value": 3
    },
    {
      "source": 1,
      "target": 20,
      "value": 3
    },
    {
      "source": 1,
      "target": 21,
      "value": 1
    },
    {
      "source": 1,
      "target": 22,
      "value": 3
    },
    {
      "source": 22,
      "target": 5,
      "value": 1
    },
    {
      "source": 22,
      "target": 40,
      "value": 4
    },
    {
      "source": 22,
      "target": 7,
      "value": 5
    },
    {
      "source": 22,
      "target": 10,
      "value": 1
    },
    {
      "source": 22,
      "target": 3,
      "value": 9
    },
    {
      "source": 22,
      "target": 51,
      "value": 8
    },
    {
      "source": 22,
      "target": 28,
      "value": 2
    },
    {
      "source": 22,
      "target": 1,
      "value": 3
    },
    {
      "source": 22,
      "target": 15,
      "value": 3
    }
  ]
}