{
  "nodes": [
    {
      "group": 8,
      "name": "Lillian_Wall"
    },
    {
      "group": 8,
      "name": "Lasonya_Hester"
    },
    {
      "group": 8,
      "name": "Kevin_Bird"
    },
    {
      "group": 8,
      "name": "Norman_Davia"
    },
    {
      "group": 8,
      "name": "Brian_Corda"
    },
    {
      "group": 8,
      "name": "Sherry_Lantrip"
    },
    {
      "group": 8,
      "name": "Brad_Duarte"
    },
    {
      "group": 8,
      "name": "Michael_Finch"
    },
    {
      "group": 8,
      "name": "Bert_Legette"
    },
    {
      "group": 8,
      "name": "Deanna_Richardson"
    },
    {
      "group": 8,
      "name": "Zita_Clantz"
    },
    {
      "group": 8,
      "name": "Joseph_Drewniak"
    },
    {
      "group": 8,
      "name": "Betty_Robbins"
    },
    {
      "group": 8,
      "name": "Carl_Melton"
    },
    {
      "group": 8,
      "name": "Henry_Martinez"
    },
    {
      "group": 8,
      "name": "Diane_Joseph"
    },
    {
      "group": 8,
      "name": "Mary_Hileman"
    },
    {
      "group": 8,
      "name": "Lisa_Scanlon"
    },
    {
      "group": 8,
      "name": "Patricia_Yu"
    },
    {
      "group": 8,
      "name": "Samuel_Hoggan"
    },
    {
      "group": 8,
      "name": "Charlie_Stone"
    },
    {
      "group": 8,
      "name": "Janice_Gregg"
    },
    {
      "group": 8,
      "name": "Walter_Crane"
    },
    {
      "group": 8,
      "name": "Sandra_Hill"
    },
    {
      "group": 8,
      "name": "Joella_Larve"
    },
    {
      "group": 8,
      "name": "Steven_Hartshorn"
    },
    {
      "group": 8,
      "name": "Eric_Ashley"
    },
    {
      "group": 8,
      "name": "Cynthia_Kirklin"
    },
    {
      "group": 8,
      "name": "Tristan_Cocks"
    },
    {
      "group": 8,
      "name": "Matthew_Voorhees"
    },
    {
      "group": 8,
      "name": "Alma_Bannister"
    },
    {
      "group": 8,
      "name": "Maria_Bergeron"
    },
    {
      "group": 8,
      "name": "Anne_Vallo"
    },
    {
      "group": 8,
      "name": "Ada_Mann"
    },
    {
      "group": 8,
      "name": "Thomas_Sas"
    },
    {
      "group": 8,
      "name": "James_Nieves"
    },
    {
      "group": 8,
      "name": "Lauren_Kolar"
    },
    {
      "group": 8,
      "name": "John_Henderson"
    },
    {
      "group": 8,
      "name": "Sybil_Dilliard"
    },
    {
      "group": 8,
      "name": "Paula_Partin"
    },
    {
      "group": 8,
      "name": "Rusty_Becker"
    },
    {
      "group": 8,
      "name": "Justin_Aston"
    },
    {
      "group": 8,
      "name": "Ben_Lee"
    },
    {
      "group": 8,
      "name": "William_Mccormack"
    },
    {
      "group": 8,
      "name": "Paul_Majera"
    },
    {
      "group": 8,
      "name": "Sean_Henderson"
    },
    {
      "group": 8,
      "name": "Damian_Beard"
    },
    {
      "group": 8,
      "name": "Michael_Miller"
    },
    {
      "group": 8,
      "name": "Sarah_Matthews"
    },
    {
      "group": 8,
      "name": "Suzie_Burke"
    },
    {
      "group": 8,
      "name": "Thomas_Wood"
    },
    {
      "group": 8,
      "name": "Judy_Castillo"
    },
    {
      "group": 8,
      "name": "Martha_Egbert"
    },
    {
      "group": 8,
      "name": "Anton_Hennings"
    },
    {
      "group": 8,
      "name": "Robert_Payton"
    },
    {
      "group": 8,
      "name": "Ladawn_Craft"
    },
    {
      "group": 8,
      "name": "Michael_Litten"
    },
    {
      "group": 8,
      "name": "Joseph_Mumma"
    },
    {
      "group": 8,
      "name": "David_Grand"
    },
    {
      "group": 8,
      "name": "Charles_Kramer"
    },
    {
      "group": 8,
      "name": "Lee_Matava"
    },
    {
      "group": 8,
      "name": "Donna_Costello"
    },
    {
      "group": 8,
      "name": "Jose_Novotny"
    },
    {
      "group": 8,
      "name": "Samantha_Gilford"
    },
    {
      "group": 8,
      "name": "Ryan_Tripp"
    },
    {
      "group": 8,
      "name": "Pasquale_Simmons"
    },
    {
      "group": 8,
      "name": "Peggy_Valez"
    },
    {
      "group": 8,
      "name": "Stephanie_Holt"
    },
    {
      "group": 8,
      "name": "James_Rose"
    },
    {
      "group": 8,
      "name": "Ethel_Patterson"
    }
  ],
  "links": [
    {
      "source": 0,
      "target": 1,
      "value": 1
    },
    {
      "source": 2,
      "target": 3,
      "value": 1
    },
    {
      "source": 4,
      "target": 5,
      "value": 1
    },
    {
      "source": 6,
      "target": 7,
      "value": 2
    },
    {
      "source": 6,
      "target": 8,
      "value": 1
    },
    {
      "source": 6,
      "target": 9,
      "value": 2
    },
    {
      "source": 6,
      "target": 10,
      "value": 1
    },
    {
      "source": 11,
      "target": 11,
      "value": 1
    },
    {
      "source": 11,
      "target": 12,
      "value": 1
    },
    {
      "source": 11,
      "target": 13,
      "value": 1
    },
    {
      "source": 11,
      "target": 14,
      "value": 2
    },
    {
      "source": 11,
      "target": 15,
      "value": 1
    },
    {
      "source": 11,
      "target": 16,
      "value": 1
    },
    {
      "source": 11,
      "target": 17,
      "value": 1
    },
    {
      "source": 18,
      "target": 19,
      "value": 1
    },
    {
      "source": 18,
      "target": 20,
      "value": 1
    },
    {
      "source": 18,
      "target": 21,
      "value": 1
    },
    {
      "source": 18,
      "target": 22,
      "value": 4
    },
    {
      "source": 18,
      "target": 23,
      "value": 1
    },
    {
      "source": 24,
      "target": 25,
      "value": 1
    },
    {
      "source": 24,
      "target": 26,
      "value": 1
    },
    {
      "source": 24,
      "target": 27,
      "value": 1
    },
    {
      "source": 28,
      "target": 29,
      "value": 2
    },
    {
      "source": 30,
      "target": 31,
      "value": 1
    },
    {
      "source": 30,
      "target": 30,
      "value": 3
    },
    {
      "source": 30,
      "target": 32,
      "value": 1
    },
    {
      "source": 30,
      "target": 33,
      "value": 1
    },
    {
      "source": 30,
      "target": 34,
      "value": 13
    },
    {
      "source": 30,
      "target": 35,
      "value": 1
    },
    {
      "source": 30,
      "target": 36,
      "value": 1
    },
    {
      "source": 30,
      "target": 37,
      "value": 1
    },
    {
      "source": 30,
      "target": 38,
      "value": 2
    },
    {
      "source": 30,
      "target": 39,
      "value": 1
    },
    {
      "source": 30,
      "target": 40,
      "value": 1
    },
    {
      "source": 30,
      "target": 41,
      "value": 1
    },
    {
      "source": 30,
      "target": 42,
      "value": 6
    },
    {
      "source": 30,
      "target": 43,
      "value": 1
    },
    {
      "source": 30,
      "target": 44,
      "value": 4
    },
    {
      "source": 30,
      "target": 45,
      "value": 1
    },
    {
      "source": 30,
      "target": 46,
      "value": 1
    },
    {
      "source": 47,
      "target": 48,
      "value": 1
    },
    {
      "source": 49,
      "target": 50,
      "value": 1
    },
    {
      "source": 49,
      "target": 51,
      "value": 1
    },
    {
      "source": 49,
      "target": 52,
      "value": 4
    },
    {
      "source": 49,
      "target": 53,
      "value": 2
    },
    {
      "source": 49,
      "target": 13,
      "value": 1
    },
    {
      "source": 49,
      "target": 54,
      "value": 1
    },
    {
      "source": 49,
      "target": 55,
      "value": 3
    },
    {
      "source": 49,
      "target": 56,
      "value": 2
    },
    {
      "source": 57,
      "target": 58,
      "value": 1
    },
    {
      "source": 59,
      "target": 60,
      "value": 1
    },
    {
      "source": 59,
      "target": 61,
      "value": 1
    },
    {
      "source": 62,
      "target": 63,
      "value": 1
    },
    {
      "source": 64,
      "target": 65,
      "value": 1
    },
    {
      "source": 64,
      "target": 66,
      "value": 1
    },
    {
      "source": 67,
      "target": 67,
      "value": 2
    },
    {
      "source": 67,
      "target": 68,
      "value": 1
    },
    {
      "source": 67,
      "target": 69,
      "value": 1
    },
    {
      "source": 67,
      "target": 54,
      "value": 3
    },
    {
      "source": 8,
      "target": 31,
      "value": 1
    },
    {
      "source": 8,
      "target": 44,
      "value": 1
    },
    {
      "source": 10,
      "target": 46,
      "value": 1
    }
  ]
}