{
  "nodes": [
    {
      "group": 2,
      "name": "Jonathan_Green"
    },
    {
      "group": 2,
      "name": "Julian_Reynolds"
    },
    {
      "group": 2,
      "name": "Glen_Hofstetter"
    },
    {
      "group": 2,
      "name": "Donna_Harvey"
    },
    {
      "group": 2,
      "name": "Rodney_Blankenship"
    },
    {
      "group": 2,
      "name": "Elizabeth_Condie"
    },
    {
      "group": 2,
      "name": "Mary_Burch"
    },
    {
      "group": 2,
      "name": "Vicki_Faurrieta"
    },
    {
      "group": 2,
      "name": "Alice_Ryan"
    },
    {
      "group": 2,
      "name": "Lucy_Davis"
    },
    {
      "group": 2,
      "name": "Bret_Sexton"
    },
    {
      "group": 2,
      "name": "Raymond_Vanduyne"
    },
    {
      "group": 2,
      "name": "Tracy_Polster"
    },
    {
      "group": 2,
      "name": "Bonnie_Reynolds"
    },
    {
      "group": 2,
      "name": "Amanda_Hogan"
    },
    {
      "group": 2,
      "name": "Becky_Clayton"
    },
    {
      "group": 2,
      "name": "Robert_Rodriguez"
    },
    {
      "group": 2,
      "name": "Raymond_Cox"
    },
    {
      "group": 2,
      "name": "Shirley_Chadderton"
    },
    {
      "group": 2,
      "name": "Candice_Phillips"
    },
    {
      "group": 2,
      "name": "Margaret_Sanchez"
    },
    {
      "group": 2,
      "name": "Donna_Williams"
    },
    {
      "group": 2,
      "name": "Dwayne_Lee"
    },
    {
      "group": 2,
      "name": "Norma_Glueck"
    },
    {
      "group": 2,
      "name": "Jo_Frey"
    },
    {
      "group": 2,
      "name": "Valerie_Durbin"
    },
    {
      "group": 2,
      "name": "Yvette_Boothe"
    },
    {
      "group": 2,
      "name": "Margaret_Kennedy"
    },
    {
      "group": 2,
      "name": "David_Chesley"
    },
    {
      "group": 2,
      "name": "Robert_Stefanski"
    },
    {
      "group": 2,
      "name": "Eva_Crews"
    },
    {
      "group": 2,
      "name": "Homer_Caesar"
    },
    {
      "group": 2,
      "name": "Patricia_Mcnew"
    },
    {
      "group": 2,
      "name": "Henry_Lamons"
    },
    {
      "group": 2,
      "name": "Cindy_Alexander"
    },
    {
      "group": 2,
      "name": "Mark_Weslowski"
    },
    {
      "group": 2,
      "name": "Deborah_Day"
    },
    {
      "group": 2,
      "name": "Angie_Poirier"
    },
    {
      "group": 2,
      "name": "Jennifer_Winkler"
    },
    {
      "group": 2,
      "name": "Jane_Thibodeaux"
    },
    {
      "group": 2,
      "name": "Nina_Evans"
    },
    {
      "group": 2,
      "name": "William_Stevens"
    },
    {
      "group": 2,
      "name": "Kathleen_Hatfield"
    },
    {
      "group": 2,
      "name": "Stephanie_Horton"
    },
    {
      "group": 2,
      "name": "Christine_Lewis"
    },
    {
      "group": 2,
      "name": "Inez_Lively"
    },
    {
      "group": 2,
      "name": "Brittany_Morris"
    },
    {
      "group": 2,
      "name": "Evelyn_Fry"
    },
    {
      "group": 2,
      "name": "Jessica_Cortez"
    },
    {
      "group": 2,
      "name": "Crystal_Kulp"
    },
    {
      "group": 2,
      "name": "June_Herrera"
    },
    {
      "group": 2,
      "name": "Deborah_Thurman"
    },
    {
      "group": 2,
      "name": "Amanda_Naugle"
    },
    {
      "group": 2,
      "name": "Desiree_Pereyra"
    },
    {
      "group": 2,
      "name": "Deborah_Silva"
    },
    {
      "group": 2,
      "name": "Juanita_Wynia"
    },
    {
      "group": 2,
      "name": "Timothy_Wetzel"
    },
    {
      "group": 2,
      "name": "Kevin_Stretch"
    },
    {
      "group": 2,
      "name": "Michael_Rasmussen"
    },
    {
      "group": 2,
      "name": "Carol_Germain"
    },
    {
      "group": 2,
      "name": "Beth_Devore"
    },
    {
      "group": 2,
      "name": "Shirley_Tiller"
    },
    {
      "group": 2,
      "name": "Alice_Flores"
    },
    {
      "group": 2,
      "name": "Helen_Hawk"
    },
    {
      "group": 2,
      "name": "Mary_Day"
    },
    {
      "group": 2,
      "name": "Gene_Bufford"
    },
    {
      "group": 2,
      "name": "Jesse_Herron"
    },
    {
      "group": 2,
      "name": "Avis_Bridgham"
    },
    {
      "group": 2,
      "name": "Terry_Mack"
    },
    {
      "group": 2,
      "name": "Renee_Olmstead"
    }
  ],
  "links": [
    {
      "source": 0,
      "target": 1,
      "value": 1
    },
    {
      "source": 0,
      "target": 2,
      "value": 1
    },
    {
      "source": 0,
      "target": 3,
      "value": 1
    },
    {
      "source": 0,
      "target": 4,
      "value": 3
    },
    {
      "source": 0,
      "target": 5,
      "value": 2
    },
    {
      "source": 0,
      "target": 6,
      "value": 1
    },
    {
      "source": 0,
      "target": 7,
      "value": 1
    },
    {
      "source": 0,
      "target": 8,
      "value": 2
    },
    {
      "source": 0,
      "target": 9,
      "value": 1
    },
    {
      "source": 0,
      "target": 10,
      "value": 2
    },
    {
      "source": 0,
      "target": 11,
      "value": 1
    },
    {
      "source": 0,
      "target": 12,
      "value": 2
    },
    {
      "source": 0,
      "target": 13,
      "value": 1
    },
    {
      "source": 0,
      "target": 14,
      "value": 1
    },
    {
      "source": 0,
      "target": 15,
      "value": 42
    },
    {
      "source": 0,
      "target": 16,
      "value": 1
    },
    {
      "source": 0,
      "target": 17,
      "value": 3
    },
    {
      "source": 0,
      "target": 18,
      "value": 1
    },
    {
      "source": 0,
      "target": 19,
      "value": 1
    },
    {
      "source": 0,
      "target": 20,
      "value": 2
    },
    {
      "source": 0,
      "target": 21,
      "value": 2
    },
    {
      "source": 0,
      "target": 22,
      "value": 1
    },
    {
      "source": 0,
      "target": 23,
      "value": 1
    },
    {
      "source": 0,
      "target": 24,
      "value": 1
    },
    {
      "source": 0,
      "target": 25,
      "value": 2
    },
    {
      "source": 0,
      "target": 26,
      "value": 3
    },
    {
      "source": 0,
      "target": 27,
      "value": 2
    },
    {
      "source": 0,
      "target": 28,
      "value": 2
    },
    {
      "source": 0,
      "target": 29,
      "value": 1
    },
    {
      "source": 0,
      "target": 30,
      "value": 5
    },
    {
      "source": 0,
      "target": 31,
      "value": 1
    },
    {
      "source": 0,
      "target": 32,
      "value": 2
    },
    {
      "source": 0,
      "target": 33,
      "value": 1
    },
    {
      "source": 0,
      "target": 34,
      "value": 1
    },
    {
      "source": 0,
      "target": 35,
      "value": 1
    },
    {
      "source": 0,
      "target": 36,
      "value": 10
    },
    {
      "source": 0,
      "target": 37,
      "value": 1
    },
    {
      "source": 0,
      "target": 38,
      "value": 1
    },
    {
      "source": 0,
      "target": 39,
      "value": 2
    },
    {
      "source": 0,
      "target": 40,
      "value": 1
    },
    {
      "source": 0,
      "target": 41,
      "value": 1
    },
    {
      "source": 0,
      "target": 42,
      "value": 1
    },
    {
      "source": 0,
      "target": 43,
      "value": 7
    },
    {
      "source": 0,
      "target": 44,
      "value": 8
    },
    {
      "source": 0,
      "target": 45,
      "value": 1
    },
    {
      "source": 0,
      "target": 46,
      "value": 1
    },
    {
      "source": 0,
      "target": 47,
      "value": 2
    },
    {
      "source": 0,
      "target": 48,
      "value": 1
    },
    {
      "source": 0,
      "target": 49,
      "value": 7
    },
    {
      "source": 0,
      "target": 50,
      "value": 44
    },
    {
      "source": 0,
      "target": 51,
      "value": 1
    },
    {
      "source": 0,
      "target": 52,
      "value": 1
    },
    {
      "source": 0,
      "target": 53,
      "value": 1
    },
    {
      "source": 0,
      "target": 54,
      "value": 1
    },
    {
      "source": 0,
      "target": 55,
      "value": 9
    },
    {
      "source": 0,
      "target": 56,
      "value": 3
    },
    {
      "source": 0,
      "target": 57,
      "value": 62
    },
    {
      "source": 0,
      "target": 58,
      "value": 2
    },
    {
      "source": 0,
      "target": 59,
      "value": 7
    },
    {
      "source": 0,
      "target": 60,
      "value": 1
    },
    {
      "source": 0,
      "target": 61,
      "value": 1
    },
    {
      "source": 0,
      "target": 62,
      "value": 32
    },
    {
      "source": 0,
      "target": 63,
      "value": 1
    },
    {
      "source": 0,
      "target": 64,
      "value": 1
    },
    {
      "source": 0,
      "target": 65,
      "value": 1
    },
    {
      "source": 0,
      "target": 66,
      "value": 4
    },
    {
      "source": 0,
      "target": 67,
      "value": 1
    },
    {
      "source": 0,
      "target": 68,
      "value": 2
    },
    {
      "source": 0,
      "target": 69,
      "value": 2
    },
    {
      "source": 1,
      "target": 4,
      "value": 1
    },
    {
      "source": 1,
      "target": 6,
      "value": 2
    },
    {
      "source": 1,
      "target": 17,
      "value": 1
    },
    {
      "source": 1,
      "target": 57,
      "value": 2
    },
    {
      "source": 1,
      "target": 68,
      "value": 6
    },
    {
      "source": 5,
      "target": 15,
      "value": 1
    },
    {
      "source": 5,
      "target": 64,
      "value": 9
    },
    {
      "source": 22,
      "target": 62,
      "value": 7
    },
    {
      "source": 25,
      "target": 25,
      "value": 1
    },
    {
      "source": 39,
      "target": 0,
      "value": 2
    },
    {
      "source": 41,
      "target": 15,
      "value": 15
    },
    {
      "source": 41,
      "target": 16,
      "value": 36
    },
    {
      "source": 41,
      "target": 57,
      "value": 8
    },
    {
      "source": 59,
      "target": 0,
      "value": 1
    },
    {
      "source": 59,
      "target": 6,
      "value": 11
    },
    {
      "source": 59,
      "target": 22,
      "value": 1
    },
    {
      "source": 59,
      "target": 59,
      "value": 2
    },
    {
      "source": 59,
      "target": 64,
      "value": 2
    },
    {
      "source": 62,
      "target": 6,
      "value": 1
    },
    {
      "source": 62,
      "target": 22,
      "value": 1
    }
  ]
}