{
  "nodes": [
    {
      "group": 6,
      "name": "Julie_Henderson"
    },
    {
      "group": 6,
      "name": "Colleen_Cantu"
    },
    {
      "group": 6,
      "name": "Kathy_Hust"
    },
    {
      "group": 6,
      "name": "Roy_Smith"
    },
    {
      "group": 6,
      "name": "Zenobia_Burrus"
    },
    {
      "group": 6,
      "name": "Larry_Booker"
    },
    {
      "group": 6,
      "name": "Margaret_Phipps"
    },
    {
      "group": 6,
      "name": "Amanda_Bender"
    },
    {
      "group": 6,
      "name": "Mary_Saiz"
    },
    {
      "group": 6,
      "name": "Michael_Jarvi"
    },
    {
      "group": 6,
      "name": "Lila_Thompson"
    },
    {
      "group": 6,
      "name": "Lloyd_Thomas"
    },
    {
      "group": 6,
      "name": "Sergio_Montano"
    },
    {
      "group": 6,
      "name": "Roland_Thomas"
    },
    {
      "group": 6,
      "name": "Alfredo_Parenti"
    },
    {
      "group": 6,
      "name": "Jacelyn_Perrotti"
    },
    {
      "group": 6,
      "name": "Victor_Ouye"
    },
    {
      "group": 6,
      "name": "Melinda_Jackson"
    },
    {
      "group": 6,
      "name": "Donald_Cox"
    },
    {
      "group": 6,
      "name": "Humberto_Bruggeman"
    },
    {
      "group": 6,
      "name": "Elaine_Orman"
    },
    {
      "group": 6,
      "name": "Angeline_Dawson"
    },
    {
      "group": 6,
      "name": "Diane_Cook"
    },
    {
      "group": 6,
      "name": "Billy_Dugue"
    },
    {
      "group": 6,
      "name": "Ludivina_Watson"
    },
    {
      "group": 6,
      "name": "Jane_Rogers"
    },
    {
      "group": 6,
      "name": "Rose_Noel"
    },
    {
      "group": 6,
      "name": "Nicole_Coyne"
    },
    {
      "group": 6,
      "name": "Jason_Garcia"
    },
    {
      "group": 6,
      "name": "Cindy_Ward"
    },
    {
      "group": 6,
      "name": "Stephen_Quivers"
    },
    {
      "group": 6,
      "name": "Shelley_Sullivan"
    },
    {
      "group": 6,
      "name": "Ralph_Mace"
    },
    {
      "group": 6,
      "name": "Raymond_Cox"
    },
    {
      "group": 6,
      "name": "Melanie_Millerd"
    },
    {
      "group": 6,
      "name": "Myrtle_Ballard"
    },
    {
      "group": 6,
      "name": "Allen_Alexander"
    },
    {
      "group": 6,
      "name": "Elizabeth_Eversole"
    },
    {
      "group": 6,
      "name": "Debra_Miller"
    },
    {
      "group": 6,
      "name": "Diane_Springer"
    },
    {
      "group": 6,
      "name": "Maynard_Morales"
    },
    {
      "group": 6,
      "name": "Jon_Williams"
    },
    {
      "group": 6,
      "name": "Jennifer_Campbell"
    },
    {
      "group": 6,
      "name": "Justin_Warner"
    },
    {
      "group": 6,
      "name": "Lee_Hope"
    },
    {
      "group": 6,
      "name": "Ashley_Tancredi"
    },
    {
      "group": 6,
      "name": "Lori_Fichter"
    },
    {
      "group": 6,
      "name": "Jean_Cushenberry"
    },
    {
      "group": 6,
      "name": "Ernestina_Borges"
    },
    {
      "group": 6,
      "name": "Alisha_Raheja"
    },
    {
      "group": 6,
      "name": "Johnny_Pawlowski"
    },
    {
      "group": 6,
      "name": "Chester_Logan"
    },
    {
      "group": 6,
      "name": "Jerry_Prioleau"
    },
    {
      "group": 6,
      "name": "Clint_Teichmann"
    },
    {
      "group": 6,
      "name": "Trinh_Meade"
    },
    {
      "group": 6,
      "name": "Leo_Hardy"
    },
    {
      "group": 6,
      "name": "Brenda_Wilkerson"
    },
    {
      "group": 6,
      "name": "Jackie_Owens"
    },
    {
      "group": 6,
      "name": "Josefa_Smith"
    },
    {
      "group": 6,
      "name": "Elizabeth_Ferri"
    },
    {
      "group": 6,
      "name": "Gary_Silvey"
    },
    {
      "group": 6,
      "name": "Eleanor_Mcsween"
    },
    {
      "group": 6,
      "name": "Mark_Nincehelsor"
    },
    {
      "group": 6,
      "name": "Haley_Fehrenbach"
    },
    {
      "group": 6,
      "name": "Angela_Shane"
    },
    {
      "group": 6,
      "name": "Betty_Mercer"
    },
    {
      "group": 6,
      "name": "Brenda_Markovich"
    },
    {
      "group": 6,
      "name": "Carrie_Walker"
    },
    {
      "group": 6,
      "name": "John_Limbrick"
    },
    {
      "group": 6,
      "name": "Daniel_Meyers"
    }
  ],
  "links": [
    {
      "source": 0,
      "target": 1,
      "value": 1
    },
    {
      "source": 2,
      "target": 3,
      "value": 2
    },
    {
      "source": 2,
      "target": 4,
      "value": 1
    },
    {
      "source": 2,
      "target": 5,
      "value": 1
    },
    {
      "source": 6,
      "target": 7,
      "value": 1
    },
    {
      "source": 6,
      "target": 8,
      "value": 2
    },
    {
      "source": 6,
      "target": 9,
      "value": 1
    },
    {
      "source": 6,
      "target": 10,
      "value": 2
    },
    {
      "source": 6,
      "target": 11,
      "value": 1
    },
    {
      "source": 6,
      "target": 12,
      "value": 1
    },
    {
      "source": 6,
      "target": 13,
      "value": 1
    },
    {
      "source": 6,
      "target": 14,
      "value": 1
    },
    {
      "source": 6,
      "target": 15,
      "value": 7
    },
    {
      "source": 6,
      "target": 16,
      "value": 1
    },
    {
      "source": 6,
      "target": 17,
      "value": 1
    },
    {
      "source": 6,
      "target": 18,
      "value": 3
    },
    {
      "source": 6,
      "target": 19,
      "value": 1
    },
    {
      "source": 6,
      "target": 20,
      "value": 2
    },
    {
      "source": 6,
      "target": 21,
      "value": 2
    },
    {
      "source": 6,
      "target": 22,
      "value": 2
    },
    {
      "source": 6,
      "target": 23,
      "value": 1
    },
    {
      "source": 6,
      "target": 24,
      "value": 1
    },
    {
      "source": 25,
      "target": 26,
      "value": 4
    },
    {
      "source": 25,
      "target": 27,
      "value": 9
    },
    {
      "source": 25,
      "target": 28,
      "value": 1
    },
    {
      "source": 25,
      "target": 29,
      "value": 1
    },
    {
      "source": 25,
      "target": 30,
      "value": 1
    },
    {
      "source": 31,
      "target": 7,
      "value": 1
    },
    {
      "source": 31,
      "target": 32,
      "value": 1
    },
    {
      "source": 31,
      "target": 33,
      "value": 3
    },
    {
      "source": 31,
      "target": 34,
      "value": 1
    },
    {
      "source": 31,
      "target": 35,
      "value": 1
    },
    {
      "source": 31,
      "target": 36,
      "value": 1
    },
    {
      "source": 31,
      "target": 37,
      "value": 1
    },
    {
      "source": 31,
      "target": 13,
      "value": 1
    },
    {
      "source": 31,
      "target": 28,
      "value": 1
    },
    {
      "source": 31,
      "target": 38,
      "value": 1
    },
    {
      "source": 31,
      "target": 39,
      "value": 4
    },
    {
      "source": 31,
      "target": 40,
      "value": 3
    },
    {
      "source": 31,
      "target": 15,
      "value": 1
    },
    {
      "source": 31,
      "target": 41,
      "value": 1
    },
    {
      "source": 31,
      "target": 42,
      "value": 1
    },
    {
      "source": 31,
      "target": 43,
      "value": 1
    },
    {
      "source": 31,
      "target": 44,
      "value": 1
    },
    {
      "source": 31,
      "target": 45,
      "value": 3
    },
    {
      "source": 31,
      "target": 46,
      "value": 1
    },
    {
      "source": 31,
      "target": 47,
      "value": 1
    },
    {
      "source": 31,
      "target": 48,
      "value": 1
    },
    {
      "source": 31,
      "target": 49,
      "value": 1
    },
    {
      "source": 31,
      "target": 50,
      "value": 2
    },
    {
      "source": 31,
      "target": 51,
      "value": 2
    },
    {
      "source": 31,
      "target": 52,
      "value": 4
    },
    {
      "source": 31,
      "target": 53,
      "value": 1
    },
    {
      "source": 31,
      "target": 54,
      "value": 1
    },
    {
      "source": 31,
      "target": 55,
      "value": 1
    },
    {
      "source": 31,
      "target": 56,
      "value": 2
    },
    {
      "source": 31,
      "target": 57,
      "value": 1
    },
    {
      "source": 31,
      "target": 58,
      "value": 2
    },
    {
      "source": 31,
      "target": 59,
      "value": 1
    },
    {
      "source": 31,
      "target": 60,
      "value": 1
    },
    {
      "source": 31,
      "target": 61,
      "value": 5
    },
    {
      "source": 62,
      "target": 63,
      "value": 1
    },
    {
      "source": 62,
      "target": 64,
      "value": 27
    },
    {
      "source": 62,
      "target": 65,
      "value": 6
    },
    {
      "source": 62,
      "target": 66,
      "value": 1
    },
    {
      "source": 62,
      "target": 67,
      "value": 5
    },
    {
      "source": 62,
      "target": 68,
      "value": 1
    },
    {
      "source": 62,
      "target": 69,
      "value": 26
    },
    {
      "source": 62,
      "target": 27,
      "value": 1
    },
    {
      "source": 62,
      "target": 9,
      "value": 1
    },
    {
      "source": 62,
      "target": 36,
      "value": 1
    },
    {
      "source": 62,
      "target": 13,
      "value": 2
    },
    {
      "source": 62,
      "target": 28,
      "value": 10
    },
    {
      "source": 62,
      "target": 39,
      "value": 16
    },
    {
      "source": 62,
      "target": 48,
      "value": 3
    },
    {
      "source": 62,
      "target": 56,
      "value": 18
    }
  ]
}