{
  "nodes": [
    {
      "group": 7,
      "name": "John_Collymore"
    },
    {
      "group": 7,
      "name": "John_Gunia"
    },
    {
      "group": 7,
      "name": "Jeff_Gajate"
    },
    {
      "group": 7,
      "name": "Melanie_Toll"
    },
    {
      "group": 7,
      "name": "Deborah_Stuckett"
    },
    {
      "group": 7,
      "name": "Delores_Whitehead"
    },
    {
      "group": 7,
      "name": "Charles_Garcia"
    },
    {
      "group": 7,
      "name": "Jacob_Rhodes"
    },
    {
      "group": 7,
      "name": "Linda_Toney"
    },
    {
      "group": 7,
      "name": "Haley_Fehrenbach"
    },
    {
      "group": 7,
      "name": "Kathleen_Lewis"
    },
    {
      "group": 7,
      "name": "Melissa_Vickers"
    },
    {
      "group": 7,
      "name": "Penny_Sikorski"
    },
    {
      "group": 7,
      "name": "Ernest_Thompson"
    },
    {
      "group": 7,
      "name": "Kristopher_Cass"
    },
    {
      "group": 7,
      "name": "Mary_Mazur"
    },
    {
      "group": 7,
      "name": "Edith_Griffin"
    },
    {
      "group": 7,
      "name": "Randy_Dehart"
    },
    {
      "group": 7,
      "name": "Maria_Sherbert"
    },
    {
      "group": 7,
      "name": "Jane_Schoolfield"
    },
    {
      "group": 7,
      "name": "Mary_Brittain"
    },
    {
      "group": 7,
      "name": "Betty_Garcia"
    },
    {
      "group": 7,
      "name": "Allen_Nichol"
    },
    {
      "group": 7,
      "name": "Mayra_Ruffin"
    },
    {
      "group": 7,
      "name": "Jean_Wallace"
    },
    {
      "group": 7,
      "name": "Joyce_Mueller"
    },
    {
      "group": 7,
      "name": "Barbara_Pettengill"
    },
    {
      "group": 7,
      "name": "Marion_Nesmith"
    },
    {
      "group": 7,
      "name": "Chantay_Beamon"
    },
    {
      "group": 7,
      "name": "Meredith_Otto"
    },
    {
      "group": 7,
      "name": "Patricia_Harris"
    },
    {
      "group": 7,
      "name": "Joyce_Curry"
    },
    {
      "group": 7,
      "name": "Dorothy_Brock"
    },
    {
      "group": 7,
      "name": "Isabel_Lopez"
    },
    {
      "group": 7,
      "name": "William_Wallace"
    },
    {
      "group": 7,
      "name": "Michael_Cox"
    },
    {
      "group": 7,
      "name": "Geraldine_Osgood"
    },
    {
      "group": 7,
      "name": "Robert_Roberts"
    },
    {
      "group": 7,
      "name": "Janet_Griswell"
    },
    {
      "group": 7,
      "name": "Glen_Merry"
    },
    {
      "group": 7,
      "name": "Clyde_Brown"
    },
    {
      "group": 7,
      "name": "Shanae_Villareal"
    },
    {
      "group": 7,
      "name": "Thomas_Watson"
    },
    {
      "group": 7,
      "name": "Micheal_Perry"
    },
    {
      "group": 7,
      "name": "Lisa_Huff"
    },
    {
      "group": 7,
      "name": "Kathryn_Mckay"
    },
    {
      "group": 7,
      "name": "Carrie_Edwards"
    },
    {
      "group": 7,
      "name": "Ernest_Balistrieri"
    },
    {
      "group": 7,
      "name": "Frankie_Gibbs"
    },
    {
      "group": 7,
      "name": "Lois_Marchetti"
    },
    {
      "group": 7,
      "name": "June_Bilbo"
    },
    {
      "group": 7,
      "name": "Richard_Stegall"
    },
    {
      "group": 7,
      "name": "Tyrell_Corbin"
    },
    {
      "group": 7,
      "name": "Patricia_Coyt"
    },
    {
      "group": 7,
      "name": "Frederick_Pietrafesa"
    },
    {
      "group": 7,
      "name": "Frank_Love"
    },
    {
      "group": 7,
      "name": "Sharon_Fieck"
    },
    {
      "group": 7,
      "name": "Michael_Martin"
    },
    {
      "group": 7,
      "name": "Peggy_Clark"
    },
    {
      "group": 7,
      "name": "Michele_Ballard"
    },
    {
      "group": 7,
      "name": "Floyd_Oakley"
    },
    {
      "group": 7,
      "name": "Dallas_Davidson"
    },
    {
      "group": 7,
      "name": "James_Martinez"
    },
    {
      "group": 7,
      "name": "Gloria_Booker"
    },
    {
      "group": 7,
      "name": "Sheila_Harrington"
    },
    {
      "group": 7,
      "name": "Colin_York"
    },
    {
      "group": 7,
      "name": "Trina_Rice"
    },
    {
      "group": 7,
      "name": "Christopher_Caberto"
    },
    {
      "group": 7,
      "name": "Myra_Hintz"
    },
    {
      "group": 7,
      "name": "Corey_Frazier"
    }
  ],
  "links": [
    {
      "source": 0,
      "target": 1,
      "value": 1
    },
    {
      "source": 0,
      "target": 2,
      "value": 1
    },
    {
      "source": 0,
      "target": 3,
      "value": 1
    },
    {
      "source": 0,
      "target": 4,
      "value": 8
    },
    {
      "source": 5,
      "target": 6,
      "value": 2
    },
    {
      "source": 5,
      "target": 7,
      "value": 10
    },
    {
      "source": 5,
      "target": 8,
      "value": 2
    },
    {
      "source": 5,
      "target": 9,
      "value": 2
    },
    {
      "source": 5,
      "target": 10,
      "value": 32
    },
    {
      "source": 5,
      "target": 11,
      "value": 24
    },
    {
      "source": 5,
      "target": 12,
      "value": 34
    },
    {
      "source": 5,
      "target": 13,
      "value": 12
    },
    {
      "source": 5,
      "target": 14,
      "value": 2
    },
    {
      "source": 5,
      "target": 15,
      "value": 2
    },
    {
      "source": 5,
      "target": 16,
      "value": 2
    },
    {
      "source": 5,
      "target": 17,
      "value": 8
    },
    {
      "source": 5,
      "target": 18,
      "value": 2
    },
    {
      "source": 5,
      "target": 19,
      "value": 2
    },
    {
      "source": 5,
      "target": 20,
      "value": 20
    },
    {
      "source": 5,
      "target": 21,
      "value": 48
    },
    {
      "source": 5,
      "target": 22,
      "value": 22
    },
    {
      "source": 5,
      "target": 23,
      "value": 2
    },
    {
      "source": 5,
      "target": 24,
      "value": 2
    },
    {
      "source": 5,
      "target": 25,
      "value": 2
    },
    {
      "source": 5,
      "target": 26,
      "value": 2
    },
    {
      "source": 5,
      "target": 27,
      "value": 2
    },
    {
      "source": 5,
      "target": 28,
      "value": 2
    },
    {
      "source": 5,
      "target": 29,
      "value": 50
    },
    {
      "source": 5,
      "target": 30,
      "value": 16
    },
    {
      "source": 5,
      "target": 31,
      "value": 2
    },
    {
      "source": 5,
      "target": 32,
      "value": 10
    },
    {
      "source": 5,
      "target": 33,
      "value": 8
    },
    {
      "source": 5,
      "target": 34,
      "value": 6
    },
    {
      "source": 5,
      "target": 35,
      "value": 4
    },
    {
      "source": 5,
      "target": 36,
      "value": 2
    },
    {
      "source": 5,
      "target": 37,
      "value": 2
    },
    {
      "source": 5,
      "target": 38,
      "value": 2
    },
    {
      "source": 5,
      "target": 39,
      "value": 8
    },
    {
      "source": 5,
      "target": 40,
      "value": 2
    },
    {
      "source": 5,
      "target": 41,
      "value": 66
    },
    {
      "source": 5,
      "target": 42,
      "value": 2
    },
    {
      "source": 5,
      "target": 43,
      "value": 16
    },
    {
      "source": 5,
      "target": 44,
      "value": 2
    },
    {
      "source": 5,
      "target": 45,
      "value": 10
    },
    {
      "source": 5,
      "target": 46,
      "value": 2
    },
    {
      "source": 5,
      "target": 47,
      "value": 4
    },
    {
      "source": 5,
      "target": 48,
      "value": 2
    },
    {
      "source": 5,
      "target": 49,
      "value": 8
    },
    {
      "source": 5,
      "target": 50,
      "value": 2
    },
    {
      "source": 5,
      "target": 51,
      "value": 2
    },
    {
      "source": 5,
      "target": 52,
      "value": 2
    },
    {
      "source": 5,
      "target": 53,
      "value": 4
    },
    {
      "source": 5,
      "target": 54,
      "value": 2
    },
    {
      "source": 5,
      "target": 55,
      "value": 2
    },
    {
      "source": 5,
      "target": 56,
      "value": 32
    },
    {
      "source": 5,
      "target": 57,
      "value": 2
    },
    {
      "source": 5,
      "target": 58,
      "value": 2
    },
    {
      "source": 5,
      "target": 59,
      "value": 2
    },
    {
      "source": 5,
      "target": 60,
      "value": 14
    },
    {
      "source": 5,
      "target": 61,
      "value": 2
    },
    {
      "source": 5,
      "target": 62,
      "value": 2
    },
    {
      "source": 5,
      "target": 63,
      "value": 2
    },
    {
      "source": 5,
      "target": 64,
      "value": 2
    },
    {
      "source": 5,
      "target": 65,
      "value": 12
    },
    {
      "source": 5,
      "target": 66,
      "value": 10
    },
    {
      "source": 5,
      "target": 67,
      "value": 10
    },
    {
      "source": 5,
      "target": 68,
      "value": 2
    },
    {
      "source": 5,
      "target": 69,
      "value": 1
    },
    {
      "source": 8,
      "target": 24,
      "value": 2
    },
    {
      "source": 8,
      "target": 30,
      "value": 2
    },
    {
      "source": 8,
      "target": 37,
      "value": 2
    },
    {
      "source": 8,
      "target": 43,
      "value": 8
    },
    {
      "source": 8,
      "target": 44,
      "value": 10
    },
    {
      "source": 56,
      "target": 5,
      "value": 13
    },
    {
      "source": 56,
      "target": 8,
      "value": 13
    },
    {
      "source": 56,
      "target": 25,
      "value": 2
    },
    {
      "source": 56,
      "target": 39,
      "value": 1
    }
  ]
}