{
  "nodes": [
    {
      "group": 13,
      "name": "Norma_Wilson"
    },
    {
      "group": 13,
      "name": "Monica_Lefebvre"
    },
    {
      "group": 13,
      "name": "Margarita_Viard"
    },
    {
      "group": 13,
      "name": "Manuel_Odonnell"
    },
    {
      "group": 13,
      "name": "Kimberly_Roland"
    },
    {
      "group": 13,
      "name": "Theresa_Feliciano"
    },
    {
      "group": 13,
      "name": "Josephine_January"
    },
    {
      "group": 13,
      "name": "Misti_Powell"
    },
    {
      "group": 13,
      "name": "Jason_Cabrera"
    },
    {
      "group": 13,
      "name": "Annie_Browning"
    },
    {
      "group": 13,
      "name": "James_Fiorita"
    },
    {
      "group": 13,
      "name": "Tonya_Mccarty"
    },
    {
      "group": 13,
      "name": "Muriel_Buckley"
    },
    {
      "group": 13,
      "name": "Emily_Reynolds"
    },
    {
      "group": 13,
      "name": "Ruth_Aller"
    },
    {
      "group": 13,
      "name": "Douglas_Hale"
    },
    {
      "group": 13,
      "name": "Freeman_Armantrout"
    },
    {
      "group": 13,
      "name": "Jacqueline_Musick"
    },
    {
      "group": 13,
      "name": "Jennie_Elmore"
    },
    {
      "group": 13,
      "name": "John_Barron"
    },
    {
      "group": 13,
      "name": "Richard_Loyd"
    },
    {
      "group": 13,
      "name": "Arlene_Littlefield"
    },
    {
      "group": 13,
      "name": "Deborah_Buchholtz"
    },
    {
      "group": 13,
      "name": "Darren_Streit"
    },
    {
      "group": 13,
      "name": "Manuel_Akim"
    },
    {
      "group": 13,
      "name": "Eugene_Yoshioka"
    },
    {
      "group": 13,
      "name": "Robert_Altman"
    },
    {
      "group": 13,
      "name": "David_Cowan"
    },
    {
      "group": 13,
      "name": "David_Fisher"
    },
    {
      "group": 13,
      "name": "Charlotte_Greene"
    },
    {
      "group": 13,
      "name": "Sabrina_Manzano"
    },
    {
      "group": 13,
      "name": "Jennifer_Raymond"
    },
    {
      "group": 13,
      "name": "Carole_Walker"
    },
    {
      "group": 13,
      "name": "Erika_Thrall"
    },
    {
      "group": 13,
      "name": "Paul_Bush"
    },
    {
      "group": 13,
      "name": "Maxine_Wheeler"
    },
    {
      "group": 13,
      "name": "Lana_Mendez"
    },
    {
      "group": 13,
      "name": "Earnest_Hegarty"
    },
    {
      "group": 13,
      "name": "Luther_Davis"
    },
    {
      "group": 13,
      "name": "Patricia_Wildes"
    },
    {
      "group": 13,
      "name": "Heidi_Brunetto"
    },
    {
      "group": 13,
      "name": "Anna_Morris"
    },
    {
      "group": 13,
      "name": "Ann_Wilsey"
    },
    {
      "group": 13,
      "name": "Selma_Valle"
    },
    {
      "group": 13,
      "name": "Clara_Thompson"
    },
    {
      "group": 13,
      "name": "Boyd_Cox"
    },
    {
      "group": 13,
      "name": "Marjorie_Sather"
    },
    {
      "group": 13,
      "name": "Brandy_Jerkins"
    },
    {
      "group": 13,
      "name": "Heather_Venezia"
    },
    {
      "group": 13,
      "name": "Larry_Reynolds"
    },
    {
      "group": 13,
      "name": "Margaret_Medley"
    },
    {
      "group": 13,
      "name": "Karen_Sylvester"
    },
    {
      "group": 13,
      "name": "Retha_Smith"
    },
    {
      "group": 13,
      "name": "Cuc_Pizarro"
    },
    {
      "group": 13,
      "name": "Ernest_Thompson"
    },
    {
      "group": 13,
      "name": "Chase_Brackley"
    },
    {
      "group": 13,
      "name": "Patricia_Walp"
    },
    {
      "group": 13,
      "name": "Corrine_Lott"
    },
    {
      "group": 13,
      "name": "Deborah_Daniels"
    },
    {
      "group": 13,
      "name": "Josephine_Baumeister"
    },
    {
      "group": 13,
      "name": "David_Grenier"
    },
    {
      "group": 13,
      "name": "Lisbeth_Chestnut"
    },
    {
      "group": 13,
      "name": "Jason_Thomas"
    },
    {
      "group": 13,
      "name": "Andrew_Marrero"
    },
    {
      "group": 13,
      "name": "Bruce_Guest"
    },
    {
      "group": 13,
      "name": "Angelica_Parker"
    },
    {
      "group": 13,
      "name": "Roger_Rojas"
    },
    {
      "group": 13,
      "name": "Ralph_Schneider"
    },
    {
      "group": 13,
      "name": "Raymond_Ellis"
    },
    {
      "group": 13,
      "name": "Mildred_Reid"
    }
  ],
  "links": [
    {
      "source": 0,
      "target": 1,
      "value": 1
    },
    {
      "source": 0,
      "target": 2,
      "value": 3
    },
    {
      "source": 3,
      "target": 4,
      "value": 4
    },
    {
      "source": 5,
      "target": 6,
      "value": 1
    },
    {
      "source": 5,
      "target": 7,
      "value": 1
    },
    {
      "source": 8,
      "target": 9,
      "value": 1
    },
    {
      "source": 8,
      "target": 10,
      "value": 4
    },
    {
      "source": 8,
      "target": 11,
      "value": 1
    },
    {
      "source": 8,
      "target": 12,
      "value": 1
    },
    {
      "source": 8,
      "target": 13,
      "value": 3
    },
    {
      "source": 8,
      "target": 14,
      "value": 5
    },
    {
      "source": 15,
      "target": 16,
      "value": 4
    },
    {
      "source": 15,
      "target": 17,
      "value": 1
    },
    {
      "source": 15,
      "target": 18,
      "value": 2
    },
    {
      "source": 15,
      "target": 19,
      "value": 1
    },
    {
      "source": 15,
      "target": 20,
      "value": 1
    },
    {
      "source": 15,
      "target": 21,
      "value": 1
    },
    {
      "source": 22,
      "target": 23,
      "value": 1
    },
    {
      "source": 24,
      "target": 25,
      "value": 1
    },
    {
      "source": 24,
      "target": 26,
      "value": 1
    },
    {
      "source": 27,
      "target": 28,
      "value": 15
    },
    {
      "source": 27,
      "target": 29,
      "value": 14
    },
    {
      "source": 27,
      "target": 30,
      "value": 1
    },
    {
      "source": 27,
      "target": 31,
      "value": 3
    },
    {
      "source": 27,
      "target": 32,
      "value": 1
    },
    {
      "source": 27,
      "target": 33,
      "value": 1
    },
    {
      "source": 27,
      "target": 34,
      "value": 4
    },
    {
      "source": 27,
      "target": 35,
      "value": 1
    },
    {
      "source": 27,
      "target": 36,
      "value": 1
    },
    {
      "source": 27,
      "target": 37,
      "value": 1
    },
    {
      "source": 27,
      "target": 38,
      "value": 2
    },
    {
      "source": 27,
      "target": 39,
      "value": 1
    },
    {
      "source": 40,
      "target": 41,
      "value": 2
    },
    {
      "source": 40,
      "target": 42,
      "value": 1
    },
    {
      "source": 43,
      "target": 44,
      "value": 1
    },
    {
      "source": 43,
      "target": 45,
      "value": 1
    },
    {
      "source": 43,
      "target": 46,
      "value": 1
    },
    {
      "source": 43,
      "target": 47,
      "value": 1
    },
    {
      "source": 48,
      "target": 49,
      "value": 2
    },
    {
      "source": 50,
      "target": 51,
      "value": 1
    },
    {
      "source": 52,
      "target": 53,
      "value": 1
    },
    {
      "source": 52,
      "target": 54,
      "value": 1
    },
    {
      "source": 52,
      "target": 55,
      "value": 31
    },
    {
      "source": 52,
      "target": 56,
      "value": 1
    },
    {
      "source": 52,
      "target": 57,
      "value": 3
    },
    {
      "source": 52,
      "target": 58,
      "value": 6
    },
    {
      "source": 52,
      "target": 59,
      "value": 1
    },
    {
      "source": 52,
      "target": 60,
      "value": 4
    },
    {
      "source": 52,
      "target": 61,
      "value": 4
    },
    {
      "source": 52,
      "target": 62,
      "value": 1
    },
    {
      "source": 52,
      "target": 63,
      "value": 1
    },
    {
      "source": 52,
      "target": 64,
      "value": 1
    },
    {
      "source": 52,
      "target": 65,
      "value": 1
    },
    {
      "source": 52,
      "target": 66,
      "value": 1
    },
    {
      "source": 52,
      "target": 67,
      "value": 1
    },
    {
      "source": 52,
      "target": 68,
      "value": 1
    },
    {
      "source": 52,
      "target": 69,
      "value": 5
    }
  ]
}