{
  "nodes": [
    {
      "group": 10,
      "name": "Charles_Nellis"
    },
    {
      "group": 10,
      "name": "Billy_Robinson"
    },
    {
      "group": 10,
      "name": "Diane_Rodriguez"
    },
    {
      "group": 10,
      "name": "Pam_Mucher"
    },
    {
      "group": 10,
      "name": "Robert_Carter"
    },
    {
      "group": 10,
      "name": "Patricia_Stillman"
    },
    {
      "group": 10,
      "name": "Jeff_Doyle"
    },
    {
      "group": 10,
      "name": "Michael_Brown"
    },
    {
      "group": 10,
      "name": "Debra_Doyle"
    },
    {
      "group": 10,
      "name": "Estrella_Waltz"
    },
    {
      "group": 10,
      "name": "Maurice_Garcia"
    },
    {
      "group": 10,
      "name": "Charles_Hammond"
    },
    {
      "group": 10,
      "name": "Carlos_Scott"
    },
    {
      "group": 10,
      "name": "Aiko_Gonzales"
    },
    {
      "group": 10,
      "name": "Willie_Ortiz"
    },
    {
      "group": 10,
      "name": "Frances_Rudnick"
    },
    {
      "group": 10,
      "name": "Pamela_Livesay"
    },
    {
      "group": 10,
      "name": "Carol_Hughes"
    },
    {
      "group": 10,
      "name": "John_Hill"
    },
    {
      "group": 10,
      "name": "Sean_Wallack"
    },
    {
      "group": 10,
      "name": "Douglas_Hiers"
    },
    {
      "group": 10,
      "name": "Michael_Pettit"
    },
    {
      "group": 10,
      "name": "Jacque_Marshall"
    },
    {
      "group": 10,
      "name": "Ivan_Bush"
    },
    {
      "group": 10,
      "name": "Elizabeth_Mead"
    },
    {
      "group": 10,
      "name": "Carrie_Niles"
    },
    {
      "group": 10,
      "name": "Monica_Mulligan"
    },
    {
      "group": 10,
      "name": "Anthony_Quick"
    },
    {
      "group": 10,
      "name": "Dora_Negron"
    },
    {
      "group": 10,
      "name": "Charles_Fuller"
    },
    {
      "group": 10,
      "name": "Albert_Oliver"
    },
    {
      "group": 10,
      "name": "Robert_Wheeler"
    },
    {
      "group": 10,
      "name": "James_Dempsey"
    },
    {
      "group": 10,
      "name": "Constance_Leath"
    },
    {
      "group": 10,
      "name": "Audrey_Pogue"
    },
    {
      "group": 10,
      "name": "Sheila_Williams"
    },
    {
      "group": 10,
      "name": "Rhonda_Sum"
    },
    {
      "group": 10,
      "name": "Jesus_Beamish"
    },
    {
      "group": 10,
      "name": "Leonel_Doutt"
    },
    {
      "group": 10,
      "name": "Natasha_Goodman"
    },
    {
      "group": 10,
      "name": "America_Mays"
    },
    {
      "group": 10,
      "name": "Viola_Evans"
    },
    {
      "group": 10,
      "name": "Craig_Gautier"
    },
    {
      "group": 10,
      "name": "Richard_Roybal"
    },
    {
      "group": 10,
      "name": "Diana_Frick"
    },
    {
      "group": 10,
      "name": "Robert_Citizen"
    },
    {
      "group": 10,
      "name": "Laverne_Miner"
    },
    {
      "group": 10,
      "name": "Eleanor_Giusti"
    },
    {
      "group": 10,
      "name": "Michael_Martin"
    },
    {
      "group": 10,
      "name": "Ervin_Cashio"
    },
    {
      "group": 10,
      "name": "Ronald_Silva"
    },
    {
      "group": 10,
      "name": "Theresa_Hill"
    },
    {
      "group": 10,
      "name": "Margaret_Yokley"
    },
    {
      "group": 10,
      "name": "John_Jackson"
    },
    {
      "group": 10,
      "name": "Donna_Gardner"
    },
    {
      "group": 10,
      "name": "Roberto_Hare"
    },
    {
      "group": 10,
      "name": "Cathy_Adams"
    },
    {
      "group": 10,
      "name": "Floyd_Mckenzie"
    },
    {
      "group": 10,
      "name": "Michael_Hooks"
    },
    {
      "group": 10,
      "name": "Madeline_Hudson"
    },
    {
      "group": 10,
      "name": "Linda_Mccabe"
    },
    {
      "group": 10,
      "name": "Helen_Harper"
    },
    {
      "group": 10,
      "name": "Colleen_Crowley"
    },
    {
      "group": 10,
      "name": "Samuel_Cusimano"
    },
    {
      "group": 10,
      "name": "Clay_Renfroe"
    },
    {
      "group": 10,
      "name": "Angeline_Dubill"
    },
    {
      "group": 10,
      "name": "Iris_Mills"
    },
    {
      "group": 10,
      "name": "Rodolfo_Javier"
    },
    {
      "group": 10,
      "name": "Laura_Crawford"
    },
    {
      "group": 10,
      "name": "Leon_Hachting"
    }
  ],
  "links": [
    {
      "source": 0,
      "target": 1,
      "value": 1
    },
    {
      "source": 2,
      "target": 3,
      "value": 1
    },
    {
      "source": 4,
      "target": 5,
      "value": 2
    },
    {
      "source": 4,
      "target": 6,
      "value": 113
    },
    {
      "source": 4,
      "target": 7,
      "value": 8
    },
    {
      "source": 4,
      "target": 8,
      "value": 1
    },
    {
      "source": 4,
      "target": 9,
      "value": 2
    },
    {
      "source": 4,
      "target": 10,
      "value": 5
    },
    {
      "source": 4,
      "target": 11,
      "value": 1
    },
    {
      "source": 4,
      "target": 12,
      "value": 1
    },
    {
      "source": 4,
      "target": 13,
      "value": 1
    },
    {
      "source": 4,
      "target": 14,
      "value": 3
    },
    {
      "source": 4,
      "target": 15,
      "value": 1
    },
    {
      "source": 4,
      "target": 16,
      "value": 1
    },
    {
      "source": 4,
      "target": 17,
      "value": 2
    },
    {
      "source": 4,
      "target": 18,
      "value": 1
    },
    {
      "source": 4,
      "target": 19,
      "value": 3
    },
    {
      "source": 4,
      "target": 20,
      "value": 1
    },
    {
      "source": 4,
      "target": 21,
      "value": 2
    },
    {
      "source": 4,
      "target": 22,
      "value": 6
    },
    {
      "source": 4,
      "target": 23,
      "value": 2
    },
    {
      "source": 4,
      "target": 24,
      "value": 2
    },
    {
      "source": 4,
      "target": 25,
      "value": 1
    },
    {
      "source": 4,
      "target": 26,
      "value": 1
    },
    {
      "source": 4,
      "target": 27,
      "value": 1
    },
    {
      "source": 4,
      "target": 28,
      "value": 2
    },
    {
      "source": 4,
      "target": 29,
      "value": 1
    },
    {
      "source": 4,
      "target": 30,
      "value": 1
    },
    {
      "source": 4,
      "target": 31,
      "value": 3
    },
    {
      "source": 4,
      "target": 32,
      "value": 1
    },
    {
      "source": 4,
      "target": 33,
      "value": 2
    },
    {
      "source": 4,
      "target": 34,
      "value": 3
    },
    {
      "source": 4,
      "target": 35,
      "value": 1
    },
    {
      "source": 4,
      "target": 36,
      "value": 7
    },
    {
      "source": 4,
      "target": 37,
      "value": 1
    },
    {
      "source": 4,
      "target": 38,
      "value": 1
    },
    {
      "source": 4,
      "target": 39,
      "value": 1
    },
    {
      "source": 4,
      "target": 40,
      "value": 3
    },
    {
      "source": 4,
      "target": 41,
      "value": 1
    },
    {
      "source": 4,
      "target": 42,
      "value": 4
    },
    {
      "source": 4,
      "target": 43,
      "value": 1
    },
    {
      "source": 4,
      "target": 44,
      "value": 1
    },
    {
      "source": 4,
      "target": 45,
      "value": 6
    },
    {
      "source": 4,
      "target": 46,
      "value": 3
    },
    {
      "source": 4,
      "target": 47,
      "value": 5
    },
    {
      "source": 4,
      "target": 48,
      "value": 40
    },
    {
      "source": 4,
      "target": 49,
      "value": 1
    },
    {
      "source": 4,
      "target": 50,
      "value": 33
    },
    {
      "source": 4,
      "target": 51,
      "value": 11
    },
    {
      "source": 4,
      "target": 52,
      "value": 3
    },
    {
      "source": 4,
      "target": 53,
      "value": 1
    },
    {
      "source": 4,
      "target": 54,
      "value": 4
    },
    {
      "source": 4,
      "target": 55,
      "value": 3
    },
    {
      "source": 4,
      "target": 56,
      "value": 23
    },
    {
      "source": 4,
      "target": 57,
      "value": 1
    },
    {
      "source": 4,
      "target": 58,
      "value": 7
    },
    {
      "source": 4,
      "target": 59,
      "value": 1
    },
    {
      "source": 60,
      "target": 61,
      "value": 2
    },
    {
      "source": 60,
      "target": 6,
      "value": 21
    },
    {
      "source": 60,
      "target": 62,
      "value": 1
    },
    {
      "source": 60,
      "target": 63,
      "value": 1
    },
    {
      "source": 60,
      "target": 64,
      "value": 2
    },
    {
      "source": 60,
      "target": 65,
      "value": 2
    },
    {
      "source": 60,
      "target": 66,
      "value": 9
    },
    {
      "source": 60,
      "target": 31,
      "value": 1
    },
    {
      "source": 60,
      "target": 67,
      "value": 1
    },
    {
      "source": 60,
      "target": 68,
      "value": 1
    },
    {
      "source": 60,
      "target": 52,
      "value": 14
    },
    {
      "source": 60,
      "target": 69,
      "value": 7
    },
    {
      "source": 6,
      "target": 5,
      "value": 3
    },
    {
      "source": 6,
      "target": 60,
      "value": 10
    },
    {
      "source": 6,
      "target": 7,
      "value": 1
    },
    {
      "source": 6,
      "target": 8,
      "value": 1
    },
    {
      "source": 6,
      "target": 9,
      "value": 5
    },
    {
      "source": 6,
      "target": 10,
      "value": 2
    },
    {
      "source": 6,
      "target": 16,
      "value": 5
    },
    {
      "source": 6,
      "target": 22,
      "value": 13
    },
    {
      "source": 6,
      "target": 24,
      "value": 11
    },
    {
      "source": 6,
      "target": 65,
      "value": 15
    },
    {
      "source": 6,
      "target": 28,
      "value": 4
    },
    {
      "source": 6,
      "target": 31,
      "value": 1
    },
    {
      "source": 6,
      "target": 32,
      "value": 7
    },
    {
      "source": 6,
      "target": 33,
      "value": 1
    },
    {
      "source": 6,
      "target": 35,
      "value": 5
    },
    {
      "source": 6,
      "target": 37,
      "value": 14
    },
    {
      "source": 6,
      "target": 38,
      "value": 2
    },
    {
      "source": 6,
      "target": 40,
      "value": 1
    },
    {
      "source": 6,
      "target": 47,
      "value": 7
    },
    {
      "source": 6,
      "target": 48,
      "value": 74
    },
    {
      "source": 6,
      "target": 49,
      "value": 2
    },
    {
      "source": 6,
      "target": 52,
      "value": 1
    },
    {
      "source": 6,
      "target": 55,
      "value": 4
    },
    {
      "source": 8,
      "target": 6,
      "value": 2
    },
    {
      "source": 8,
      "target": 9,
      "value": 2
    },
    {
      "source": 8,
      "target": 10,
      "value": 5
    },
    {
      "source": 8,
      "target": 16,
      "value": 1
    },
    {
      "source": 8,
      "target": 36,
      "value": 6
    },
    {
      "source": 8,
      "target": 48,
      "value": 1
    },
    {
      "source": 8,
      "target": 49,
      "value": 4
    },
    {
      "source": 23,
      "target": 6,
      "value": 1
    },
    {
      "source": 23,
      "target": 24,
      "value": 15
    },
    {
      "source": 23,
      "target": 65,
      "value": 2
    },
    {
      "source": 23,
      "target": 28,
      "value": 2
    },
    {
      "source": 23,
      "target": 36,
      "value": 2
    },
    {
      "source": 23,
      "target": 48,
      "value": 1
    },
    {
      "source": 64,
      "target": 9,
      "value": 16
    },
    {
      "source": 64,
      "target": 15,
      "value": 6
    },
    {
      "source": 64,
      "target": 16,
      "value": 10
    },
    {
      "source": 64,
      "target": 17,
      "value": 12
    },
    {
      "source": 64,
      "target": 22,
      "value": 4
    },
    {
      "source": 64,
      "target": 24,
      "value": 17
    },
    {
      "source": 64,
      "target": 28,
      "value": 18
    },
    {
      "source": 64,
      "target": 31,
      "value": 1
    },
    {
      "source": 64,
      "target": 32,
      "value": 1
    },
    {
      "source": 64,
      "target": 33,
      "value": 7
    },
    {
      "source": 64,
      "target": 36,
      "value": 6
    },
    {
      "source": 64,
      "target": 45,
      "value": 30
    },
    {
      "source": 64,
      "target": 48,
      "value": 2
    },
    {
      "source": 64,
      "target": 49,
      "value": 74
    },
    {
      "source": 64,
      "target": 55,
      "value": 6
    },
    {
      "source": 64,
      "target": 58,
      "value": 2
    },
    {
      "source": 64,
      "target": 69,
      "value": 1
    },
    {
      "source": 65,
      "target": 5,
      "value": 1
    },
    {
      "source": 65,
      "target": 6,
      "value": 54
    },
    {
      "source": 65,
      "target": 7,
      "value": 1
    },
    {
      "source": 65,
      "target": 8,
      "value": 1
    },
    {
      "source": 65,
      "target": 9,
      "value": 4
    },
    {
      "source": 65,
      "target": 16,
      "value": 1
    },
    {
      "source": 65,
      "target": 22,
      "value": 3
    },
    {
      "source": 65,
      "target": 24,
      "value": 2
    },
    {
      "source": 65,
      "target": 28,
      "value": 2
    },
    {
      "source": 65,
      "target": 32,
      "value": 4
    },
    {
      "source": 65,
      "target": 36,
      "value": 5
    },
    {
      "source": 65,
      "target": 48,
      "value": 4
    },
    {
      "source": 65,
      "target": 52,
      "value": 2
    },
    {
      "source": 65,
      "target": 55,
      "value": 2
    },
    {
      "source": 66,
      "target": 6,
      "value": 5
    },
    {
      "source": 66,
      "target": 65,
      "value": 1
    },
    {
      "source": 66,
      "target": 28,
      "value": 2
    },
    {
      "source": 66,
      "target": 36,
      "value": 3
    },
    {
      "source": 25,
      "target": 31,
      "value": 4
    },
    {
      "source": 25,
      "target": 69,
      "value": 6
    },
    {
      "source": 27,
      "target": 36,
      "value": 4
    },
    {
      "source": 31,
      "target": 5,
      "value": 7
    },
    {
      "source": 31,
      "target": 6,
      "value": 2
    },
    {
      "source": 31,
      "target": 7,
      "value": 1
    },
    {
      "source": 31,
      "target": 9,
      "value": 6
    },
    {
      "source": 31,
      "target": 10,
      "value": 2
    },
    {
      "source": 31,
      "target": 15,
      "value": 1
    },
    {
      "source": 31,
      "target": 22,
      "value": 2
    },
    {
      "source": 31,
      "target": 24,
      "value": 72
    },
    {
      "source": 31,
      "target": 28,
      "value": 6
    },
    {
      "source": 31,
      "target": 34,
      "value": 9
    },
    {
      "source": 31,
      "target": 36,
      "value": 13
    },
    {
      "source": 31,
      "target": 47,
      "value": 18
    },
    {
      "source": 31,
      "target": 48,
      "value": 9
    },
    {
      "source": 31,
      "target": 49,
      "value": 2
    },
    {
      "source": 40,
      "target": 6,
      "value": 1
    },
    {
      "source": 40,
      "target": 36,
      "value": 2
    },
    {
      "source": 41,
      "target": 5,
      "value": 2
    },
    {
      "source": 41,
      "target": 15,
      "value": 11
    },
    {
      "source": 41,
      "target": 24,
      "value": 2
    },
    {
      "source": 41,
      "target": 34,
      "value": 1
    },
    {
      "source": 41,
      "target": 48,
      "value": 11
    },
    {
      "source": 41,
      "target": 49,
      "value": 1
    },
    {
      "source": 41,
      "target": 50,
      "value": 3
    },
    {
      "source": 41,
      "target": 52,
      "value": 11
    },
    {
      "source": 42,
      "target": 4,
      "value": 7
    },
    {
      "source": 42,
      "target": 6,
      "value": 1
    },
    {
      "source": 42,
      "target": 8,
      "value": 1
    },
    {
      "source": 42,
      "target": 9,
      "value": 1
    },
    {
      "source": 42,
      "target": 22,
      "value": 2
    },
    {
      "source": 42,
      "target": 24,
      "value": 3
    },
    {
      "source": 42,
      "target": 31,
      "value": 2
    },
    {
      "source": 42,
      "target": 48,
      "value": 14
    },
    {
      "source": 42,
      "target": 49,
      "value": 4
    },
    {
      "source": 42,
      "target": 52,
      "value": 4
    },
    {
      "source": 42,
      "target": 69,
      "value": 2
    },
    {
      "source": 51,
      "target": 4,
      "value": 1
    },
    {
      "source": 51,
      "target": 6,
      "value": 1
    },
    {
      "source": 51,
      "target": 19,
      "value": 1
    },
    {
      "source": 51,
      "target": 64,
      "value": 2
    },
    {
      "source": 51,
      "target": 41,
      "value": 8
    },
    {
      "source": 51,
      "target": 47,
      "value": 1
    },
    {
      "source": 51,
      "target": 48,
      "value": 3
    },
    {
      "source": 51,
      "target": 52,
      "value": 2
    },
    {
      "source": 52,
      "target": 60,
      "value": 5
    },
    {
      "source": 52,
      "target": 6,
      "value": 32
    },
    {
      "source": 52,
      "target": 15,
      "value": 4
    },
    {
      "source": 52,
      "target": 19,
      "value": 18
    },
    {
      "source": 52,
      "target": 64,
      "value": 2
    },
    {
      "source": 52,
      "target": 65,
      "value": 4
    },
    {
      "source": 52,
      "target": 31,
      "value": 5
    },
    {
      "source": 52,
      "target": 56,
      "value": 5
    },
    {
      "source": 52,
      "target": 58,
      "value": 26
    },
    {
      "source": 52,
      "target": 69,
      "value": 1
    },
    {
      "source": 56,
      "target": 4,
      "value": 9
    },
    {
      "source": 56,
      "target": 6,
      "value": 3
    },
    {
      "source": 56,
      "target": 23,
      "value": 1
    },
    {
      "source": 56,
      "target": 65,
      "value": 1
    },
    {
      "source": 56,
      "target": 25,
      "value": 1
    },
    {
      "source": 56,
      "target": 31,
      "value": 3
    },
    {
      "source": 56,
      "target": 41,
      "value": 2
    },
    {
      "source": 56,
      "target": 52,
      "value": 14
    },
    {
      "source": 58,
      "target": 9,
      "value": 2
    },
    {
      "source": 58,
      "target": 24,
      "value": 1
    },
    {
      "source": 58,
      "target": 34,
      "value": 2
    },
    {
      "source": 58,
      "target": 46,
      "value": 1
    },
    {
      "source": 58,
      "target": 47,
      "value": 1
    },
    {
      "source": 58,
      "target": 48,
      "value": 31
    },
    {
      "source": 58,
      "target": 50,
      "value": 1
    },
    {
      "source": 58,
      "target": 52,
      "value": 4
    },
    {
      "source": 69,
      "target": 60,
      "value": 10
    },
    {
      "source": 69,
      "target": 6,
      "value": 19
    },
    {
      "source": 69,
      "target": 10,
      "value": 1
    },
    {
      "source": 69,
      "target": 64,
      "value": 28
    },
    {
      "source": 69,
      "target": 65,
      "value": 1
    },
    {
      "source": 69,
      "target": 25,
      "value": 4
    },
    {
      "source": 69,
      "target": 31,
      "value": 1
    },
    {
      "source": 69,
      "target": 40,
      "value": 1
    },
    {
      "source": 69,
      "target": 41,
      "value": 4
    },
    {
      "source": 69,
      "target": 42,
      "value": 4
    },
    {
      "source": 69,
      "target": 52,
      "value": 7
    },
    {
      "source": 69,
      "target": 58,
      "value": 2
    },
    {
      "source": 59,
      "target": 9,
      "value": 5
    },
    {
      "source": 59,
      "target": 24,
      "value": 73
    },
    {
      "source": 59,
      "target": 48,
      "value": 39
    },
    {
      "source": 59,
      "target": 51,
      "value": 1
    },
    {
      "source": 59,
      "target": 58,
      "value": 1
    }
  ]
}