{
  "nodes": [
    {
      "group": 5,
      "name": "Larry_George"
    },
    {
      "group": 5,
      "name": "Santos_Rose"
    },
    {
      "group": 5,
      "name": "Grace_Berger"
    },
    {
      "group": 5,
      "name": "Linda_Bellefeuille"
    },
    {
      "group": 5,
      "name": "David_Scott"
    },
    {
      "group": 5,
      "name": "Terrance_Hannasch"
    },
    {
      "group": 5,
      "name": "Judy_Natera"
    },
    {
      "group": 5,
      "name": "Neil_Deloria"
    },
    {
      "group": 5,
      "name": "Norma_Coleman"
    },
    {
      "group": 5,
      "name": "Scott_Carter"
    },
    {
      "group": 5,
      "name": "David_Garis"
    },
    {
      "group": 5,
      "name": "Brent_Waters"
    },
    {
      "group": 5,
      "name": "Jane_Adderley"
    },
    {
      "group": 5,
      "name": "Thomas_Edwards"
    },
    {
      "group": 5,
      "name": "Cynthia_Jaramillo"
    },
    {
      "group": 5,
      "name": "Kelly_Hughes"
    },
    {
      "group": 5,
      "name": "Ruben_Harkins"
    },
    {
      "group": 5,
      "name": "Andrew_Middleton"
    },
    {
      "group": 5,
      "name": "Todd_Mathews"
    },
    {
      "group": 5,
      "name": "Ernest_Edwards"
    },
    {
      "group": 5,
      "name": "Alton_Horn"
    },
    {
      "group": 5,
      "name": "Patrick_Williams"
    },
    {
      "group": 5,
      "name": "James_Lackey"
    },
    {
      "group": 5,
      "name": "James_Kelleher"
    },
    {
      "group": 5,
      "name": "John_Foster"
    },
    {
      "group": 5,
      "name": "Patricia_Schleusner"
    },
    {
      "group": 5,
      "name": "Beverly_Poole"
    },
    {
      "group": 5,
      "name": "Priscilla_Davis"
    },
    {
      "group": 5,
      "name": "Lyle_Simmons"
    },
    {
      "group": 5,
      "name": "Guy_Westberg"
    },
    {
      "group": 5,
      "name": "Edward_Saurel"
    },
    {
      "group": 5,
      "name": "Carol_Aldape"
    },
    {
      "group": 5,
      "name": "Keith_Plowman"
    },
    {
      "group": 5,
      "name": "Steven_Wren"
    },
    {
      "group": 5,
      "name": "Betty_Pope"
    },
    {
      "group": 5,
      "name": "Mary_Youngblood"
    },
    {
      "group": 5,
      "name": "Iris_Odonell"
    },
    {
      "group": 5,
      "name": "Stephenie_Hicks"
    },
    {
      "group": 5,
      "name": "Omar_Agustin"
    },
    {
      "group": 5,
      "name": "Shanita_Edwards"
    },
    {
      "group": 5,
      "name": "William_Niemczyk"
    },
    {
      "group": 5,
      "name": "Alvin_Carlson"
    },
    {
      "group": 5,
      "name": "Maggie_Provencher"
    },
    {
      "group": 5,
      "name": "Joseph_Taylor"
    },
    {
      "group": 5,
      "name": "Michael_Page"
    },
    {
      "group": 5,
      "name": "Whitney_Swenson"
    },
    {
      "group": 5,
      "name": "Kimberly_Ward"
    },
    {
      "group": 5,
      "name": "Thomas_Honeycutt"
    },
    {
      "group": 5,
      "name": "Marlys_Whittington"
    },
    {
      "group": 5,
      "name": "David_Caldwell"
    },
    {
      "group": 5,
      "name": "Charles_Jones"
    },
    {
      "group": 5,
      "name": "Carmen_Hunter"
    },
    {
      "group": 5,
      "name": "Alice_Goetz"
    },
    {
      "group": 5,
      "name": "Orval_Golan"
    },
    {
      "group": 5,
      "name": "Jon_Miller"
    },
    {
      "group": 5,
      "name": "Pauline_Moon"
    },
    {
      "group": 5,
      "name": "Julie_Pilkenton"
    },
    {
      "group": 5,
      "name": "Kelly_Gonzalez"
    },
    {
      "group": 5,
      "name": "Reginald_Mccaslin"
    },
    {
      "group": 5,
      "name": "Joseph_High"
    },
    {
      "group": 5,
      "name": "Ronald_Roblow"
    },
    {
      "group": 5,
      "name": "Felipe_Pargo"
    },
    {
      "group": 5,
      "name": "Harriet_Lopez"
    },
    {
      "group": 5,
      "name": "Sally_Welch"
    },
    {
      "group": 5,
      "name": "Constance_Melvin"
    },
    {
      "group": 5,
      "name": "Nathaniel_Lindsey"
    },
    {
      "group": 5,
      "name": "Fredric_Bryant"
    },
    {
      "group": 5,
      "name": "Pamela_Culligan"
    },
    {
      "group": 5,
      "name": "Jennifer_Leech"
    },
    {
      "group": 5,
      "name": "Robert_Pujol"
    },
    {
      "group": 5,
      "name": "Kathleen_Purvis"
    },
    {
      "group": 5,
      "name": "Nancy_Agustin"
    },
    {
      "group": 5,
      "name": "Leonor_Weinzierl"
    },
    {
      "group": 5,
      "name": "Philip_Deangelo"
    },
    {
      "group": 5,
      "name": "Lakesha_Salas"
    },
    {
      "group": 5,
      "name": "Terry_Moody"
    },
    {
      "group": 5,
      "name": "Marcia_King"
    },
    {
      "group": 5,
      "name": "Doris_Wynne"
    },
    {
      "group": 5,
      "name": "Michael_Roberts"
    },
    {
      "group": 5,
      "name": "Agnes_Hayes"
    },
    {
      "group": 5,
      "name": "Raymond_Dobbins"
    },
    {
      "group": 5,
      "name": "Linda_Cowan"
    },
    {
      "group": 5,
      "name": "Timothy_Duckett"
    },
    {
      "group": 5,
      "name": "Rachel_Brown"
    },
    {
      "group": 5,
      "name": "Janice_Spease"
    },
    {
      "group": 5,
      "name": "Eric_Gilpin"
    },
    {
      "group": 5,
      "name": "Michelle_Dow"
    },
    {
      "group": 5,
      "name": "Robert_Lewis"
    },
    {
      "group": 5,
      "name": "Rex_Song"
    },
    {
      "group": 5,
      "name": "Owen_Weyrick"
    },
    {
      "group": 5,
      "name": "Jamie_Ortega"
    },
    {
      "group": 5,
      "name": "Beverly_Krebs"
    },
    {
      "group": 5,
      "name": "Nichole_Boulet"
    },
    {
      "group": 5,
      "name": "Rowena_Hall"
    },
    {
      "group": 5,
      "name": "Kenneth_Leach"
    },
    {
      "group": 5,
      "name": "Anne_Hartwell"
    },
    {
      "group": 5,
      "name": "John_Nickerson"
    },
    {
      "group": 5,
      "name": "Lois_Scholz"
    },
    {
      "group": 5,
      "name": "Kathleen_Canida"
    },
    {
      "group": 5,
      "name": "Larry_Hunt"
    },
    {
      "group": 5,
      "name": "Cara_Furman"
    },
    {
      "group": 5,
      "name": "Louis_Kneeland"
    },
    {
      "group": 5,
      "name": "Debra_Hensley"
    },
    {
      "group": 5,
      "name": "Rebecca_Chappell"
    },
    {
      "group": 5,
      "name": "Timothy_Hernandez"
    },
    {
      "group": 5,
      "name": "John_Kilbourn"
    },
    {
      "group": 5,
      "name": "Mary_Veasey"
    },
    {
      "group": 5,
      "name": "Brenda_Bovee"
    },
    {
      "group": 5,
      "name": "Scott_Frazier"
    },
    {
      "group": 5,
      "name": "Calvin_Huges"
    },
    {
      "group": 5,
      "name": "Earl_Beard"
    },
    {
      "group": 5,
      "name": "Emma_Esparza"
    },
    {
      "group": 5,
      "name": "Ronnie_Chavez"
    },
    {
      "group": 5,
      "name": "Heather_Tanner"
    },
    {
      "group": 5,
      "name": "Leota_Wilson"
    },
    {
      "group": 5,
      "name": "Mary_Trahan"
    },
    {
      "group": 5,
      "name": "Maggie_Murray"
    },
    {
      "group": 5,
      "name": "Richard_Sauer"
    },
    {
      "group": 5,
      "name": "Gladys_Hendricks"
    },
    {
      "group": 5,
      "name": "Donald_Kloeck"
    },
    {
      "group": 5,
      "name": "Daniel_Henry"
    },
    {
      "group": 5,
      "name": "Percy_Hall"
    },
    {
      "group": 5,
      "name": "Melissa_Delnero"
    },
    {
      "group": 5,
      "name": "Christian_Decosta"
    },
    {
      "group": 5,
      "name": "Darrell_Lopez"
    },
    {
      "group": 5,
      "name": "Jessica_Jolley"
    },
    {
      "group": 5,
      "name": "Herbert_Young"
    },
    {
      "group": 5,
      "name": "Marva_Reed"
    },
    {
      "group": 5,
      "name": "Boris_Jones"
    },
    {
      "group": 5,
      "name": "Leonard_Fabela"
    },
    {
      "group": 5,
      "name": "Rose_Hyzer"
    },
    {
      "group": 5,
      "name": "Alan_Vickers"
    },
    {
      "group": 5,
      "name": "Tommy_Ruiz"
    },
    {
      "group": 5,
      "name": "Mark_Baker"
    },
    {
      "group": 5,
      "name": "Bruce_Morrison"
    },
    {
      "group": 5,
      "name": "Nieves_Barnes"
    },
    {
      "group": 5,
      "name": "Robert_Newberry"
    },
    {
      "group": 5,
      "name": "Laura_Branham"
    },
    {
      "group": 5,
      "name": "John_Vanderschel"
    },
    {
      "group": 5,
      "name": "Gary_Ohanlon"
    },
    {
      "group": 5,
      "name": "Lorraine_Maeda"
    },
    {
      "group": 5,
      "name": "James_Hodosy"
    },
    {
      "group": 5,
      "name": "Vickie_Carroll"
    },
    {
      "group": 5,
      "name": "James_Jenkins"
    },
    {
      "group": 5,
      "name": "Jason_Melton"
    },
    {
      "group": 5,
      "name": "Geoffrey_Pinero"
    },
    {
      "group": 5,
      "name": "James_Ceruantes"
    },
    {
      "group": 5,
      "name": "Tammy_Gould"
    },
    {
      "group": 5,
      "name": "Katrina_Caron"
    },
    {
      "group": 5,
      "name": "Marcus_Hartwig"
    },
    {
      "group": 5,
      "name": "Whitney_Ponce"
    },
    {
      "group": 5,
      "name": "Roger_Tart"
    },
    {
      "group": 5,
      "name": "Mary_Williams"
    },
    {
      "group": 5,
      "name": "Robert_Okoye"
    },
    {
      "group": 5,
      "name": "Ryan_Woodward"
    },
    {
      "group": 5,
      "name": "Melody_Hall"
    },
    {
      "group": 5,
      "name": "Frances_Parker"
    },
    {
      "group": 5,
      "name": "Mary_Sherman"
    },
    {
      "group": 5,
      "name": "Jason_Rojas"
    },
    {
      "group": 5,
      "name": "Cheri_Frankel"
    },
    {
      "group": 5,
      "name": "Daniel_Parker"
    },
    {
      "group": 5,
      "name": "Milton_Arnold"
    },
    {
      "group": 5,
      "name": "Margaret_Black"
    },
    {
      "group": 5,
      "name": "Jade_Lawson"
    },
    {
      "group": 5,
      "name": "Diane_Morris"
    },
    {
      "group": 5,
      "name": "Ralph_Porter"
    },
    {
      "group": 5,
      "name": "Neil_Lindley"
    },
    {
      "group": 5,
      "name": "Alberta_Lopez"
    },
    {
      "group": 5,
      "name": "Gail_Gutierrez"
    },
    {
      "group": 5,
      "name": "Alisha_Farrington"
    },
    {
      "group": 5,
      "name": "Neil_Maines"
    },
    {
      "group": 5,
      "name": "Richard_Messenger"
    },
    {
      "group": 5,
      "name": "Paul_Trimble"
    },
    {
      "group": 5,
      "name": "May_Matson"
    },
    {
      "group": 5,
      "name": "Hannah_Primm"
    },
    {
      "group": 5,
      "name": "Bill_Davis"
    },
    {
      "group": 5,
      "name": "Beth_Spannaus"
    },
    {
      "group": 5,
      "name": "Bobbie_Rains"
    },
    {
      "group": 5,
      "name": "Chuck_Paul"
    },
    {
      "group": 5,
      "name": "Jon_Morris"
    },
    {
      "group": 5,
      "name": "Sharon_Pettaway"
    },
    {
      "group": 5,
      "name": "Lewis_Calhoun"
    },
    {
      "group": 5,
      "name": "John_Crase"
    },
    {
      "group": 5,
      "name": "Jeanette_Robertson"
    },
    {
      "group": 5,
      "name": "Willie_Ritter"
    },
    {
      "group": 5,
      "name": "Ray_Salinas"
    },
    {
      "group": 5,
      "name": "Sheila_Goodman"
    },
    {
      "group": 5,
      "name": "Linda_Striegel"
    },
    {
      "group": 5,
      "name": "Annette_Rocha"
    },
    {
      "group": 5,
      "name": "Kenneth_Long"
    },
    {
      "group": 5,
      "name": "Jennifer_Martinez"
    },
    {
      "group": 5,
      "name": "Jimmie_Evans"
    },
    {
      "group": 5,
      "name": "Jordon_Paez"
    },
    {
      "group": 5,
      "name": "Judy_Smith"
    },
    {
      "group": 5,
      "name": "Gregory_Reneau"
    },
    {
      "group": 5,
      "name": "Tony_Wender"
    },
    {
      "group": 5,
      "name": "James_Smith"
    },
    {
      "group": 5,
      "name": "Robert_Sparks"
    },
    {
      "group": 5,
      "name": "Ashley_Erickson"
    },
    {
      "group": 5,
      "name": "Dora_Miller"
    },
    {
      "group": 5,
      "name": "Roberta_Washington"
    },
    {
      "group": 5,
      "name": "Georgia_Weaver"
    },
    {
      "group": 5,
      "name": "Larry_Luster"
    },
    {
      "group": 5,
      "name": "Edward_Brazzle"
    },
    {
      "group": 5,
      "name": "Hugh_Albrecht"
    },
    {
      "group": 5,
      "name": "Megan_Parker"
    },
    {
      "group": 5,
      "name": "Robert_Cocks"
    },
    {
      "group": 5,
      "name": "Wayne_Goldman"
    },
    {
      "group": 5,
      "name": "Rosetta_Horton"
    },
    {
      "group": 5,
      "name": "Martha_Morales"
    },
    {
      "group": 5,
      "name": "Mattie_Given"
    },
    {
      "group": 5,
      "name": "Kelly_Booker"
    },
    {
      "group": 5,
      "name": "Christopher_Hecker"
    },
    {
      "group": 5,
      "name": "Nicole_Rodriguez"
    },
    {
      "group": 5,
      "name": "Don_Washington"
    },
    {
      "group": 5,
      "name": "John_Morgan"
    },
    {
      "group": 5,
      "name": "Steven_Brown"
    },
    {
      "group": 5,
      "name": "Leland_Larock"
    },
    {
      "group": 5,
      "name": "Mary_Epps"
    },
    {
      "group": 5,
      "name": "William_Miller"
    },
    {
      "group": 5,
      "name": "Leroy_Hughes"
    },
    {
      "group": 5,
      "name": "Rosa_Arnhart"
    },
    {
      "group": 5,
      "name": "Angela_Ellis"
    },
    {
      "group": 5,
      "name": "Trinity_Viles"
    },
    {
      "group": 5,
      "name": "John_Lopez"
    },
    {
      "group": 5,
      "name": "Jorge_Delarosa"
    },
    {
      "group": 5,
      "name": "Fred_Walker"
    },
    {
      "group": 5,
      "name": "Mary_Watts"
    },
    {
      "group": 5,
      "name": "Claire_Light"
    },
    {
      "group": 5,
      "name": "Ruby_Bonavia"
    },
    {
      "group": 5,
      "name": "Jessica_Zhu"
    },
    {
      "group": 5,
      "name": "Modesto_Stahr"
    },
    {
      "group": 5,
      "name": "Betty_Kubat"
    },
    {
      "group": 5,
      "name": "Jeffery_Harness"
    },
    {
      "group": 5,
      "name": "Emma_Tuner"
    },
    {
      "group": 5,
      "name": "Robert_Coffey"
    },
    {
      "group": 5,
      "name": "Steve_Kaul"
    },
    {
      "group": 5,
      "name": "Matthew_Tovar"
    },
    {
      "group": 5,
      "name": "Bernice_Schumann"
    },
    {
      "group": 5,
      "name": "John_Tubbs"
    },
    {
      "group": 5,
      "name": "Richard_James"
    },
    {
      "group": 5,
      "name": "Mary_Klein"
    },
    {
      "group": 5,
      "name": "Stanley_Robertson"
    },
    {
      "group": 5,
      "name": "Julie_Malinowski"
    },
    {
      "group": 5,
      "name": "Dexter_Paul"
    },
    {
      "group": 5,
      "name": "Billie_Straley"
    },
    {
      "group": 5,
      "name": "Peter_Bonnell"
    },
    {
      "group": 5,
      "name": "Edmond_Flores"
    },
    {
      "group": 5,
      "name": "Gene_Johnson"
    },
    {
      "group": 5,
      "name": "Michael_Harbin"
    },
    {
      "group": 5,
      "name": "Gary_Kim"
    },
    {
      "group": 5,
      "name": "Matthew_West"
    },
    {
      "group": 5,
      "name": "Dwight_Shinn"
    },
    {
      "group": 5,
      "name": "Richard_Niesman"
    },
    {
      "group": 5,
      "name": "Myrtle_Jones"
    },
    {
      "group": 5,
      "name": "Patricia_Brown"
    },
    {
      "group": 5,
      "name": "Ronald_Clark"
    },
    {
      "group": 5,
      "name": "Melvin_Bulfer"
    },
    {
      "group": 5,
      "name": "William_Klouda"
    },
    {
      "group": 5,
      "name": "Katie_Bitter"
    },
    {
      "group": 5,
      "name": "Edward_Johnson"
    },
    {
      "group": 5,
      "name": "Lenny_Altman"
    },
    {
      "group": 5,
      "name": "Otis_Cowles"
    },
    {
      "group": 5,
      "name": "John_Schiffman"
    },
    {
      "group": 5,
      "name": "Erin_Ward"
    },
    {
      "group": 5,
      "name": "Terry_Byers"
    },
    {
      "group": 5,
      "name": "William_Kearney"
    },
    {
      "group": 5,
      "name": "Margaret_Willette"
    },
    {
      "group": 5,
      "name": "Ingrid_Wismer"
    },
    {
      "group": 5,
      "name": "Robert_Purnell"
    },
    {
      "group": 5,
      "name": "Glenn_Roberts"
    },
    {
      "group": 5,
      "name": "Frank_Scalf"
    },
    {
      "group": 5,
      "name": "Silas_Jones"
    },
    {
      "group": 5,
      "name": "James_Fanning"
    },
    {
      "group": 5,
      "name": "James_Collier"
    },
    {
      "group": 5,
      "name": "Elisha_Luna"
    },
    {
      "group": 5,
      "name": "Marian_Hall"
    },
    {
      "group": 5,
      "name": "Dena_Taylor"
    },
    {
      "group": 5,
      "name": "Salvatore_Howard"
    },
    {
      "group": 5,
      "name": "Jennifer_Hightower"
    },
    {
      "group": 5,
      "name": "Gaye_Stafford"
    },
    {
      "group": 5,
      "name": "Leonard_Revering"
    },
    {
      "group": 5,
      "name": "Luis_Pfeffer"
    },
    {
      "group": 5,
      "name": "Rhea_Mann"
    },
    {
      "group": 5,
      "name": "Crystal_Gertelman"
    },
    {
      "group": 5,
      "name": "Evelyn_Frazier"
    },
    {
      "group": 5,
      "name": "Shirley_Merriam"
    },
    {
      "group": 5,
      "name": "Brenda_Peck"
    },
    {
      "group": 5,
      "name": "Kelly_Stein"
    },
    {
      "group": 5,
      "name": "Frances_Waterhouse"
    },
    {
      "group": 5,
      "name": "Deborah_Seevers"
    },
    {
      "group": 5,
      "name": "Mark_Franklin"
    },
    {
      "group": 5,
      "name": "Kathleen_Lansdell"
    },
    {
      "group": 5,
      "name": "Mike_Cabral"
    },
    {
      "group": 5,
      "name": "Willis_Ratliff"
    },
    {
      "group": 5,
      "name": "Shawn_Pierre"
    },
    {
      "group": 5,
      "name": "Kimberly_Martin"
    },
    {
      "group": 5,
      "name": "Christopher_Geiger"
    },
    {
      "group": 5,
      "name": "Christopher_Hopkins"
    },
    {
      "group": 5,
      "name": "Barbara_Goodwill"
    },
    {
      "group": 5,
      "name": "Jeremy_Mchattie"
    },
    {
      "group": 5,
      "name": "Janette_Jordan"
    },
    {
      "group": 5,
      "name": "Donald_Skinner"
    },
    {
      "group": 5,
      "name": "Steve_Furman"
    },
    {
      "group": 5,
      "name": "Donna_Williams"
    }
  ],
  "links": [
    {
      "source": 0,
      "target": 1,
      "value": 1
    },
    {
      "source": 0,
      "target": 2,
      "value": 1
    },
    {
      "source": 0,
      "target": 3,
      "value": 8
    },
    {
      "source": 0,
      "target": 4,
      "value": 1
    },
    {
      "source": 0,
      "target": 5,
      "value": 2
    },
    {
      "source": 0,
      "target": 6,
      "value": 9
    },
    {
      "source": 0,
      "target": 7,
      "value": 1
    },
    {
      "source": 0,
      "target": 8,
      "value": 3
    },
    {
      "source": 9,
      "target": 10,
      "value": 1
    },
    {
      "source": 11,
      "target": 12,
      "value": 2
    },
    {
      "source": 13,
      "target": 14,
      "value": 1
    },
    {
      "source": 13,
      "target": 15,
      "value": 1
    },
    {
      "source": 13,
      "target": 16,
      "value": 7
    },
    {
      "source": 13,
      "target": 17,
      "value": 1
    },
    {
      "source": 13,
      "target": 18,
      "value": 1
    },
    {
      "source": 19,
      "target": 20,
      "value": 1
    },
    {
      "source": 19,
      "target": 21,
      "value": 2
    },
    {
      "source": 22,
      "target": 23,
      "value": 2
    },
    {
      "source": 22,
      "target": 24,
      "value": 3
    },
    {
      "source": 25,
      "target": 0,
      "value": 2
    },
    {
      "source": 25,
      "target": 21,
      "value": 8
    },
    {
      "source": 25,
      "target": 26,
      "value": 35
    },
    {
      "source": 25,
      "target": 27,
      "value": 6
    },
    {
      "source": 25,
      "target": 4,
      "value": 2
    },
    {
      "source": 25,
      "target": 28,
      "value": 1
    },
    {
      "source": 25,
      "target": 29,
      "value": 1
    },
    {
      "source": 25,
      "target": 30,
      "value": 6
    },
    {
      "source": 25,
      "target": 31,
      "value": 2
    },
    {
      "source": 25,
      "target": 32,
      "value": 3
    },
    {
      "source": 25,
      "target": 33,
      "value": 2
    },
    {
      "source": 25,
      "target": 34,
      "value": 2
    },
    {
      "source": 25,
      "target": 35,
      "value": 2
    },
    {
      "source": 25,
      "target": 36,
      "value": 1
    },
    {
      "source": 25,
      "target": 37,
      "value": 1
    },
    {
      "source": 25,
      "target": 38,
      "value": 2
    },
    {
      "source": 25,
      "target": 39,
      "value": 1
    },
    {
      "source": 25,
      "target": 40,
      "value": 2
    },
    {
      "source": 21,
      "target": 41,
      "value": 2
    },
    {
      "source": 42,
      "target": 43,
      "value": 1
    },
    {
      "source": 44,
      "target": 0,
      "value": 1
    },
    {
      "source": 44,
      "target": 45,
      "value": 1
    },
    {
      "source": 44,
      "target": 46,
      "value": 4
    },
    {
      "source": 44,
      "target": 47,
      "value": 1
    },
    {
      "source": 44,
      "target": 48,
      "value": 2
    },
    {
      "source": 44,
      "target": 34,
      "value": 7
    },
    {
      "source": 44,
      "target": 38,
      "value": 2
    },
    {
      "source": 44,
      "target": 40,
      "value": 2
    },
    {
      "source": 49,
      "target": 50,
      "value": 1
    },
    {
      "source": 49,
      "target": 51,
      "value": 8
    },
    {
      "source": 49,
      "target": 52,
      "value": 6
    },
    {
      "source": 49,
      "target": 53,
      "value": 16
    },
    {
      "source": 49,
      "target": 54,
      "value": 4
    },
    {
      "source": 49,
      "target": 55,
      "value": 2
    },
    {
      "source": 49,
      "target": 56,
      "value": 2
    },
    {
      "source": 49,
      "target": 38,
      "value": 14
    },
    {
      "source": 49,
      "target": 57,
      "value": 1
    },
    {
      "source": 58,
      "target": 59,
      "value": 1
    },
    {
      "source": 60,
      "target": 61,
      "value": 3
    },
    {
      "source": 62,
      "target": 43,
      "value": 1
    },
    {
      "source": 63,
      "target": 23,
      "value": 1
    },
    {
      "source": 64,
      "target": 65,
      "value": 1
    },
    {
      "source": 66,
      "target": 0,
      "value": 9
    },
    {
      "source": 66,
      "target": 22,
      "value": 1
    },
    {
      "source": 66,
      "target": 25,
      "value": 3
    },
    {
      "source": 66,
      "target": 65,
      "value": 5
    },
    {
      "source": 66,
      "target": 67,
      "value": 1
    },
    {
      "source": 66,
      "target": 68,
      "value": 5
    },
    {
      "source": 66,
      "target": 33,
      "value": 1
    },
    {
      "source": 66,
      "target": 69,
      "value": 7
    },
    {
      "source": 70,
      "target": 71,
      "value": 2
    },
    {
      "source": 72,
      "target": 73,
      "value": 1
    },
    {
      "source": 72,
      "target": 74,
      "value": 1
    },
    {
      "source": 75,
      "target": 76,
      "value": 13
    },
    {
      "source": 77,
      "target": 78,
      "value": 2
    },
    {
      "source": 79,
      "target": 80,
      "value": 1
    },
    {
      "source": 79,
      "target": 81,
      "value": 2
    },
    {
      "source": 79,
      "target": 82,
      "value": 1
    },
    {
      "source": 83,
      "target": 13,
      "value": 2
    },
    {
      "source": 83,
      "target": 84,
      "value": 2
    },
    {
      "source": 83,
      "target": 4,
      "value": 4
    },
    {
      "source": 83,
      "target": 85,
      "value": 1
    },
    {
      "source": 83,
      "target": 86,
      "value": 1
    },
    {
      "source": 87,
      "target": 88,
      "value": 7
    },
    {
      "source": 87,
      "target": 89,
      "value": 1
    },
    {
      "source": 87,
      "target": 90,
      "value": 1
    },
    {
      "source": 87,
      "target": 91,
      "value": 2
    },
    {
      "source": 88,
      "target": 92,
      "value": 12
    },
    {
      "source": 88,
      "target": 93,
      "value": 1
    },
    {
      "source": 88,
      "target": 94,
      "value": 1
    },
    {
      "source": 88,
      "target": 2,
      "value": 4
    },
    {
      "source": 88,
      "target": 27,
      "value": 12
    },
    {
      "source": 88,
      "target": 95,
      "value": 1
    },
    {
      "source": 88,
      "target": 96,
      "value": 1
    },
    {
      "source": 88,
      "target": 97,
      "value": 7
    },
    {
      "source": 88,
      "target": 4,
      "value": 8
    },
    {
      "source": 88,
      "target": 98,
      "value": 3
    },
    {
      "source": 88,
      "target": 99,
      "value": 7
    },
    {
      "source": 88,
      "target": 100,
      "value": 2
    },
    {
      "source": 88,
      "target": 101,
      "value": 1
    },
    {
      "source": 88,
      "target": 54,
      "value": 1
    },
    {
      "source": 88,
      "target": 102,
      "value": 2
    },
    {
      "source": 88,
      "target": 103,
      "value": 2
    },
    {
      "source": 88,
      "target": 104,
      "value": 2
    },
    {
      "source": 88,
      "target": 105,
      "value": 1
    },
    {
      "source": 88,
      "target": 12,
      "value": 4
    },
    {
      "source": 88,
      "target": 106,
      "value": 1
    },
    {
      "source": 88,
      "target": 107,
      "value": 2
    },
    {
      "source": 88,
      "target": 108,
      "value": 2
    },
    {
      "source": 88,
      "target": 38,
      "value": 7
    },
    {
      "source": 88,
      "target": 109,
      "value": 6
    },
    {
      "source": 88,
      "target": 110,
      "value": 1
    },
    {
      "source": 88,
      "target": 111,
      "value": 1
    },
    {
      "source": 88,
      "target": 112,
      "value": 1
    },
    {
      "source": 26,
      "target": 20,
      "value": 1
    },
    {
      "source": 26,
      "target": 113,
      "value": 1
    },
    {
      "source": 26,
      "target": 25,
      "value": 14
    },
    {
      "source": 26,
      "target": 21,
      "value": 2
    },
    {
      "source": 26,
      "target": 114,
      "value": 1
    },
    {
      "source": 26,
      "target": 115,
      "value": 1
    },
    {
      "source": 26,
      "target": 88,
      "value": 2
    },
    {
      "source": 26,
      "target": 4,
      "value": 4
    },
    {
      "source": 26,
      "target": 116,
      "value": 1
    },
    {
      "source": 26,
      "target": 117,
      "value": 2
    },
    {
      "source": 26,
      "target": 100,
      "value": 1
    },
    {
      "source": 26,
      "target": 118,
      "value": 2
    },
    {
      "source": 26,
      "target": 40,
      "value": 2
    },
    {
      "source": 119,
      "target": 19,
      "value": 1
    },
    {
      "source": 119,
      "target": 120,
      "value": 2
    },
    {
      "source": 119,
      "target": 121,
      "value": 7
    },
    {
      "source": 119,
      "target": 122,
      "value": 3
    },
    {
      "source": 123,
      "target": 124,
      "value": 1
    },
    {
      "source": 125,
      "target": 126,
      "value": 2
    },
    {
      "source": 125,
      "target": 127,
      "value": 1
    },
    {
      "source": 96,
      "target": 128,
      "value": 5
    },
    {
      "source": 96,
      "target": 20,
      "value": 2
    },
    {
      "source": 96,
      "target": 129,
      "value": 1
    },
    {
      "source": 96,
      "target": 130,
      "value": 1
    },
    {
      "source": 96,
      "target": 88,
      "value": 12
    },
    {
      "source": 96,
      "target": 27,
      "value": 4
    },
    {
      "source": 96,
      "target": 95,
      "value": 3
    },
    {
      "source": 96,
      "target": 131,
      "value": 1
    },
    {
      "source": 96,
      "target": 132,
      "value": 1
    },
    {
      "source": 96,
      "target": 99,
      "value": 11
    },
    {
      "source": 96,
      "target": 133,
      "value": 2
    },
    {
      "source": 96,
      "target": 134,
      "value": 1
    },
    {
      "source": 96,
      "target": 105,
      "value": 4
    },
    {
      "source": 96,
      "target": 12,
      "value": 2
    },
    {
      "source": 96,
      "target": 135,
      "value": 1
    },
    {
      "source": 136,
      "target": 137,
      "value": 1
    },
    {
      "source": 136,
      "target": 121,
      "value": 2
    },
    {
      "source": 136,
      "target": 138,
      "value": 7
    },
    {
      "source": 136,
      "target": 111,
      "value": 5
    },
    {
      "source": 139,
      "target": 140,
      "value": 1
    },
    {
      "source": 4,
      "target": 141,
      "value": 2
    },
    {
      "source": 4,
      "target": 142,
      "value": 2
    },
    {
      "source": 4,
      "target": 13,
      "value": 1
    },
    {
      "source": 4,
      "target": 92,
      "value": 4
    },
    {
      "source": 4,
      "target": 114,
      "value": 4
    },
    {
      "source": 4,
      "target": 143,
      "value": 1
    },
    {
      "source": 4,
      "target": 144,
      "value": 1
    },
    {
      "source": 4,
      "target": 46,
      "value": 2
    },
    {
      "source": 4,
      "target": 145,
      "value": 6
    },
    {
      "source": 4,
      "target": 146,
      "value": 2
    },
    {
      "source": 4,
      "target": 147,
      "value": 2
    },
    {
      "source": 4,
      "target": 2,
      "value": 1
    },
    {
      "source": 4,
      "target": 88,
      "value": 23
    },
    {
      "source": 4,
      "target": 26,
      "value": 1
    },
    {
      "source": 4,
      "target": 148,
      "value": 1
    },
    {
      "source": 4,
      "target": 27,
      "value": 11
    },
    {
      "source": 4,
      "target": 95,
      "value": 4
    },
    {
      "source": 4,
      "target": 136,
      "value": 2
    },
    {
      "source": 4,
      "target": 78,
      "value": 1
    },
    {
      "source": 4,
      "target": 149,
      "value": 1
    },
    {
      "source": 4,
      "target": 150,
      "value": 3
    },
    {
      "source": 4,
      "target": 151,
      "value": 1
    },
    {
      "source": 4,
      "target": 152,
      "value": 2
    },
    {
      "source": 4,
      "target": 99,
      "value": 1
    },
    {
      "source": 4,
      "target": 153,
      "value": 2
    },
    {
      "source": 4,
      "target": 140,
      "value": 1
    },
    {
      "source": 4,
      "target": 116,
      "value": 2
    },
    {
      "source": 4,
      "target": 29,
      "value": 10
    },
    {
      "source": 4,
      "target": 154,
      "value": 1
    },
    {
      "source": 4,
      "target": 155,
      "value": 2
    },
    {
      "source": 4,
      "target": 16,
      "value": 1
    },
    {
      "source": 4,
      "target": 156,
      "value": 1
    },
    {
      "source": 4,
      "target": 157,
      "value": 1
    },
    {
      "source": 4,
      "target": 158,
      "value": 1
    },
    {
      "source": 4,
      "target": 68,
      "value": 2
    },
    {
      "source": 4,
      "target": 159,
      "value": 1
    },
    {
      "source": 4,
      "target": 160,
      "value": 1
    },
    {
      "source": 4,
      "target": 105,
      "value": 6
    },
    {
      "source": 4,
      "target": 161,
      "value": 1
    },
    {
      "source": 4,
      "target": 12,
      "value": 1
    },
    {
      "source": 4,
      "target": 162,
      "value": 1
    },
    {
      "source": 4,
      "target": 118,
      "value": 4
    },
    {
      "source": 4,
      "target": 163,
      "value": 1
    },
    {
      "source": 4,
      "target": 164,
      "value": 2
    },
    {
      "source": 4,
      "target": 165,
      "value": 3
    },
    {
      "source": 4,
      "target": 166,
      "value": 1
    },
    {
      "source": 4,
      "target": 111,
      "value": 1
    },
    {
      "source": 167,
      "target": 12,
      "value": 1
    },
    {
      "source": 23,
      "target": 168,
      "value": 4
    },
    {
      "source": 23,
      "target": 20,
      "value": 2
    },
    {
      "source": 23,
      "target": 93,
      "value": 5
    },
    {
      "source": 23,
      "target": 27,
      "value": 1
    },
    {
      "source": 23,
      "target": 169,
      "value": 6
    },
    {
      "source": 23,
      "target": 170,
      "value": 3
    },
    {
      "source": 23,
      "target": 171,
      "value": 5
    },
    {
      "source": 23,
      "target": 12,
      "value": 4
    },
    {
      "source": 23,
      "target": 172,
      "value": 1
    },
    {
      "source": 23,
      "target": 173,
      "value": 2
    },
    {
      "source": 23,
      "target": 109,
      "value": 5
    },
    {
      "source": 23,
      "target": 174,
      "value": 1
    },
    {
      "source": 175,
      "target": 12,
      "value": 1
    },
    {
      "source": 176,
      "target": 29,
      "value": 7
    },
    {
      "source": 176,
      "target": 177,
      "value": 2
    },
    {
      "source": 178,
      "target": 179,
      "value": 21
    },
    {
      "source": 180,
      "target": 96,
      "value": 2
    },
    {
      "source": 181,
      "target": 182,
      "value": 1
    },
    {
      "source": 181,
      "target": 52,
      "value": 2
    },
    {
      "source": 181,
      "target": 183,
      "value": 1
    },
    {
      "source": 181,
      "target": 184,
      "value": 1
    },
    {
      "source": 181,
      "target": 32,
      "value": 1
    },
    {
      "source": 181,
      "target": 38,
      "value": 7
    },
    {
      "source": 185,
      "target": 186,
      "value": 1
    },
    {
      "source": 185,
      "target": 95,
      "value": 14
    },
    {
      "source": 185,
      "target": 187,
      "value": 1
    },
    {
      "source": 185,
      "target": 188,
      "value": 1
    },
    {
      "source": 185,
      "target": 189,
      "value": 1
    },
    {
      "source": 190,
      "target": 191,
      "value": 5
    },
    {
      "source": 121,
      "target": 95,
      "value": 4
    },
    {
      "source": 121,
      "target": 136,
      "value": 3
    },
    {
      "source": 121,
      "target": 98,
      "value": 1
    },
    {
      "source": 121,
      "target": 192,
      "value": 1
    },
    {
      "source": 121,
      "target": 193,
      "value": 2
    },
    {
      "source": 121,
      "target": 162,
      "value": 1
    },
    {
      "source": 121,
      "target": 38,
      "value": 1
    },
    {
      "source": 121,
      "target": 111,
      "value": 9
    },
    {
      "source": 140,
      "target": 80,
      "value": 3
    },
    {
      "source": 140,
      "target": 194,
      "value": 1
    },
    {
      "source": 140,
      "target": 195,
      "value": 1
    },
    {
      "source": 140,
      "target": 196,
      "value": 1
    },
    {
      "source": 140,
      "target": 88,
      "value": 1
    },
    {
      "source": 140,
      "target": 4,
      "value": 2
    },
    {
      "source": 140,
      "target": 197,
      "value": 2
    },
    {
      "source": 140,
      "target": 198,
      "value": 2
    },
    {
      "source": 140,
      "target": 199,
      "value": 1
    },
    {
      "source": 140,
      "target": 200,
      "value": 1
    },
    {
      "source": 140,
      "target": 201,
      "value": 16
    },
    {
      "source": 140,
      "target": 82,
      "value": 2
    },
    {
      "source": 140,
      "target": 124,
      "value": 2
    },
    {
      "source": 116,
      "target": 20,
      "value": 1
    },
    {
      "source": 116,
      "target": 114,
      "value": 1
    },
    {
      "source": 116,
      "target": 4,
      "value": 8
    },
    {
      "source": 116,
      "target": 32,
      "value": 1
    },
    {
      "source": 116,
      "target": 54,
      "value": 2
    },
    {
      "source": 116,
      "target": 12,
      "value": 1
    },
    {
      "source": 117,
      "target": 114,
      "value": 1
    },
    {
      "source": 117,
      "target": 202,
      "value": 1
    },
    {
      "source": 117,
      "target": 203,
      "value": 1
    },
    {
      "source": 204,
      "target": 84,
      "value": 1
    },
    {
      "source": 204,
      "target": 114,
      "value": 3
    },
    {
      "source": 204,
      "target": 88,
      "value": 1
    },
    {
      "source": 205,
      "target": 70,
      "value": 2
    },
    {
      "source": 206,
      "target": 207,
      "value": 1
    },
    {
      "source": 206,
      "target": 208,
      "value": 1
    },
    {
      "source": 206,
      "target": 209,
      "value": 5
    },
    {
      "source": 210,
      "target": 4,
      "value": 6
    },
    {
      "source": 210,
      "target": 211,
      "value": 5
    },
    {
      "source": 210,
      "target": 212,
      "value": 2
    },
    {
      "source": 210,
      "target": 213,
      "value": 7
    },
    {
      "source": 210,
      "target": 214,
      "value": 2
    },
    {
      "source": 210,
      "target": 101,
      "value": 1
    },
    {
      "source": 210,
      "target": 56,
      "value": 2
    },
    {
      "source": 210,
      "target": 215,
      "value": 1
    },
    {
      "source": 210,
      "target": 216,
      "value": 1
    },
    {
      "source": 217,
      "target": 218,
      "value": 1
    },
    {
      "source": 217,
      "target": 54,
      "value": 1
    },
    {
      "source": 219,
      "target": 65,
      "value": 1
    },
    {
      "source": 220,
      "target": 148,
      "value": 1
    },
    {
      "source": 221,
      "target": 222,
      "value": 1
    },
    {
      "source": 30,
      "target": 25,
      "value": 1
    },
    {
      "source": 30,
      "target": 3,
      "value": 1
    },
    {
      "source": 30,
      "target": 4,
      "value": 2
    },
    {
      "source": 30,
      "target": 223,
      "value": 1
    },
    {
      "source": 30,
      "target": 224,
      "value": 1
    },
    {
      "source": 225,
      "target": 29,
      "value": 1
    },
    {
      "source": 76,
      "target": 226,
      "value": 6
    },
    {
      "source": 76,
      "target": 227,
      "value": 3
    },
    {
      "source": 228,
      "target": 229,
      "value": 1
    },
    {
      "source": 228,
      "target": 137,
      "value": 1
    },
    {
      "source": 228,
      "target": 98,
      "value": 1
    },
    {
      "source": 228,
      "target": 230,
      "value": 2
    },
    {
      "source": 68,
      "target": 5,
      "value": 2
    },
    {
      "source": 231,
      "target": 232,
      "value": 1
    },
    {
      "source": 233,
      "target": 114,
      "value": 1
    },
    {
      "source": 233,
      "target": 88,
      "value": 1
    },
    {
      "source": 233,
      "target": 234,
      "value": 2
    },
    {
      "source": 235,
      "target": 236,
      "value": 1
    },
    {
      "source": 235,
      "target": 237,
      "value": 1
    },
    {
      "source": 235,
      "target": 148,
      "value": 1
    },
    {
      "source": 235,
      "target": 95,
      "value": 3
    },
    {
      "source": 235,
      "target": 238,
      "value": 1
    },
    {
      "source": 235,
      "target": 239,
      "value": 1
    },
    {
      "source": 31,
      "target": 240,
      "value": 1
    },
    {
      "source": 31,
      "target": 25,
      "value": 16
    },
    {
      "source": 31,
      "target": 21,
      "value": 2
    },
    {
      "source": 31,
      "target": 26,
      "value": 1
    },
    {
      "source": 31,
      "target": 27,
      "value": 6
    },
    {
      "source": 31,
      "target": 4,
      "value": 6
    },
    {
      "source": 31,
      "target": 221,
      "value": 4
    },
    {
      "source": 241,
      "target": 0,
      "value": 1
    },
    {
      "source": 241,
      "target": 154,
      "value": 1
    },
    {
      "source": 242,
      "target": 243,
      "value": 1
    },
    {
      "source": 242,
      "target": 3,
      "value": 1
    },
    {
      "source": 242,
      "target": 244,
      "value": 1
    },
    {
      "source": 242,
      "target": 245,
      "value": 2
    },
    {
      "source": 242,
      "target": 246,
      "value": 1
    },
    {
      "source": 242,
      "target": 247,
      "value": 1
    },
    {
      "source": 242,
      "target": 248,
      "value": 1
    },
    {
      "source": 249,
      "target": 250,
      "value": 1
    },
    {
      "source": 32,
      "target": 27,
      "value": 1
    },
    {
      "source": 32,
      "target": 4,
      "value": 14
    },
    {
      "source": 32,
      "target": 12,
      "value": 1
    },
    {
      "source": 32,
      "target": 166,
      "value": 1
    },
    {
      "source": 171,
      "target": 23,
      "value": 1
    },
    {
      "source": 251,
      "target": 252,
      "value": 2
    },
    {
      "source": 251,
      "target": 165,
      "value": 1
    },
    {
      "source": 35,
      "target": 25,
      "value": 1
    },
    {
      "source": 35,
      "target": 253,
      "value": 1
    },
    {
      "source": 35,
      "target": 26,
      "value": 8
    },
    {
      "source": 35,
      "target": 4,
      "value": 5
    },
    {
      "source": 35,
      "target": 65,
      "value": 1
    },
    {
      "source": 35,
      "target": 40,
      "value": 1
    },
    {
      "source": 69,
      "target": 5,
      "value": 10
    },
    {
      "source": 69,
      "target": 254,
      "value": 1
    },
    {
      "source": 255,
      "target": 256,
      "value": 1
    },
    {
      "source": 257,
      "target": 258,
      "value": 1
    },
    {
      "source": 257,
      "target": 76,
      "value": 5
    },
    {
      "source": 259,
      "target": 260,
      "value": 1
    },
    {
      "source": 259,
      "target": 27,
      "value": 7
    },
    {
      "source": 259,
      "target": 97,
      "value": 1
    },
    {
      "source": 259,
      "target": 152,
      "value": 1
    },
    {
      "source": 259,
      "target": 261,
      "value": 1
    },
    {
      "source": 259,
      "target": 54,
      "value": 1
    },
    {
      "source": 56,
      "target": 262,
      "value": 1
    },
    {
      "source": 56,
      "target": 114,
      "value": 1
    },
    {
      "source": 56,
      "target": 263,
      "value": 1
    },
    {
      "source": 56,
      "target": 264,
      "value": 5
    },
    {
      "source": 56,
      "target": 97,
      "value": 1
    },
    {
      "source": 56,
      "target": 4,
      "value": 1
    },
    {
      "source": 56,
      "target": 152,
      "value": 1
    },
    {
      "source": 56,
      "target": 265,
      "value": 1
    },
    {
      "source": 56,
      "target": 43,
      "value": 3
    },
    {
      "source": 56,
      "target": 101,
      "value": 4
    },
    {
      "source": 56,
      "target": 225,
      "value": 1
    },
    {
      "source": 56,
      "target": 54,
      "value": 1
    },
    {
      "source": 56,
      "target": 12,
      "value": 2
    },
    {
      "source": 56,
      "target": 254,
      "value": 1
    },
    {
      "source": 56,
      "target": 85,
      "value": 2
    },
    {
      "source": 56,
      "target": 110,
      "value": 3
    },
    {
      "source": 266,
      "target": 267,
      "value": 1
    },
    {
      "source": 268,
      "target": 84,
      "value": 1
    },
    {
      "source": 268,
      "target": 150,
      "value": 1
    },
    {
      "source": 269,
      "target": 270,
      "value": 1
    },
    {
      "source": 269,
      "target": 271,
      "value": 5
    },
    {
      "source": 272,
      "target": 105,
      "value": 2
    },
    {
      "source": 272,
      "target": 273,
      "value": 2
    },
    {
      "source": 274,
      "target": 20,
      "value": 5
    },
    {
      "source": 274,
      "target": 275,
      "value": 1
    },
    {
      "source": 274,
      "target": 88,
      "value": 10
    },
    {
      "source": 274,
      "target": 95,
      "value": 20
    },
    {
      "source": 274,
      "target": 276,
      "value": 2
    },
    {
      "source": 274,
      "target": 277,
      "value": 1
    },
    {
      "source": 274,
      "target": 136,
      "value": 12
    },
    {
      "source": 274,
      "target": 4,
      "value": 4
    },
    {
      "source": 274,
      "target": 278,
      "value": 3
    },
    {
      "source": 274,
      "target": 121,
      "value": 8
    },
    {
      "source": 274,
      "target": 279,
      "value": 1
    },
    {
      "source": 274,
      "target": 65,
      "value": 7
    },
    {
      "source": 274,
      "target": 280,
      "value": 1
    },
    {
      "source": 274,
      "target": 32,
      "value": 6
    },
    {
      "source": 274,
      "target": 281,
      "value": 1
    },
    {
      "source": 274,
      "target": 254,
      "value": 4
    },
    {
      "source": 274,
      "target": 282,
      "value": 2
    },
    {
      "source": 274,
      "target": 38,
      "value": 22
    },
    {
      "source": 191,
      "target": 283,
      "value": 1
    },
    {
      "source": 284,
      "target": 285,
      "value": 1
    },
    {
      "source": 17,
      "target": 286,
      "value": 1
    },
    {
      "source": 17,
      "target": 287,
      "value": 3
    },
    {
      "source": 17,
      "target": 161,
      "value": 1
    },
    {
      "source": 288,
      "target": 136,
      "value": 1
    },
    {
      "source": 288,
      "target": 68,
      "value": 2
    },
    {
      "source": 289,
      "target": 290,
      "value": 1
    },
    {
      "source": 291,
      "target": 88,
      "value": 6
    },
    {
      "source": 291,
      "target": 27,
      "value": 1
    },
    {
      "source": 291,
      "target": 95,
      "value": 1
    },
    {
      "source": 291,
      "target": 136,
      "value": 18
    },
    {
      "source": 291,
      "target": 38,
      "value": 2
    },
    {
      "source": 292,
      "target": 293,
      "value": 1
    },
    {
      "source": 294,
      "target": 27,
      "value": 2
    },
    {
      "source": 295,
      "target": 296,
      "value": 3
    },
    {
      "source": 297,
      "target": 25,
      "value": 2
    },
    {
      "source": 124,
      "target": 4,
      "value": 3
    },
    {
      "source": 124,
      "target": 140,
      "value": 3
    },
    {
      "source": 298,
      "target": 145,
      "value": 4
    },
    {
      "source": 298,
      "target": 299,
      "value": 2
    },
    {
      "source": 179,
      "target": 178,
      "value": 11
    },
    {
      "source": 300,
      "target": 128,
      "value": 4
    },
    {
      "source": 300,
      "target": 301,
      "value": 1
    },
    {
      "source": 300,
      "target": 32,
      "value": 1
    },
    {
      "source": 300,
      "target": 299,
      "value": 1
    },
    {
      "source": 300,
      "target": 57,
      "value": 2
    },
    {
      "source": 165,
      "target": 65,
      "value": 1
    },
    {
      "source": 41,
      "target": 21,
      "value": 1
    },
    {
      "source": 41,
      "target": 114,
      "value": 4
    },
    {
      "source": 41,
      "target": 95,
      "value": 1
    },
    {
      "source": 41,
      "target": 65,
      "value": 1
    },
    {
      "source": 41,
      "target": 193,
      "value": 1
    },
    {
      "source": 41,
      "target": 111,
      "value": 2
    },
    {
      "source": 215,
      "target": 210,
      "value": 3
    },
    {
      "source": 216,
      "target": 88,
      "value": 1
    },
    {
      "source": 216,
      "target": 4,
      "value": 1
    },
    {
      "source": 302,
      "target": 303,
      "value": 1
    },
    {
      "source": 304,
      "target": 99,
      "value": 2
    }
  ]
}