{
  "nodes": [
    {
      "group": 6,
      "name": "Julie_Henderson"
    },
    {
      "group": 6,
      "name": "Colleen_Cantu"
    },
    {
      "group": 6,
      "name": "Kathy_Hust"
    },
    {
      "group": 6,
      "name": "Roy_Smith"
    },
    {
      "group": 6,
      "name": "Zenobia_Burrus"
    },
    {
      "group": 6,
      "name": "Larry_Booker"
    },
    {
      "group": 6,
      "name": "Margaret_Phipps"
    },
    {
      "group": 6,
      "name": "Amanda_Bender"
    },
    {
      "group": 6,
      "name": "Mary_Saiz"
    },
    {
      "group": 6,
      "name": "Michael_Jarvi"
    },
    {
      "group": 6,
      "name": "Lila_Thompson"
    },
    {
      "group": 6,
      "name": "Lloyd_Thomas"
    },
    {
      "group": 6,
      "name": "Sergio_Montano"
    },
    {
      "group": 6,
      "name": "Roland_Thomas"
    },
    {
      "group": 6,
      "name": "Alfredo_Parenti"
    },
    {
      "group": 6,
      "name": "Jacelyn_Perrotti"
    },
    {
      "group": 6,
      "name": "Victor_Ouye"
    },
    {
      "group": 6,
      "name": "Melinda_Jackson"
    },
    {
      "group": 6,
      "name": "Donald_Cox"
    },
    {
      "group": 6,
      "name": "Humberto_Bruggeman"
    },
    {
      "group": 6,
      "name": "Elaine_Orman"
    },
    {
      "group": 6,
      "name": "Angeline_Dawson"
    },
    {
      "group": 6,
      "name": "Diane_Cook"
    },
    {
      "group": 6,
      "name": "Billy_Dugue"
    },
    {
      "group": 6,
      "name": "Ludivina_Watson"
    },
    {
      "group": 6,
      "name": "Jane_Rogers"
    },
    {
      "group": 6,
      "name": "Rose_Noel"
    },
    {
      "group": 6,
      "name": "Nicole_Coyne"
    },
    {
      "group": 6,
      "name": "Jason_Garcia"
    },
    {
      "group": 6,
      "name": "Cindy_Ward"
    },
    {
      "group": 6,
      "name": "Stephen_Quivers"
    },
    {
      "group": 6,
      "name": "Shelley_Sullivan"
    },
    {
      "group": 6,
      "name": "Ralph_Mace"
    },
    {
      "group": 6,
      "name": "Raymond_Cox"
    },
    {
      "group": 6,
      "name": "Melanie_Millerd"
    },
    {
      "group": 6,
      "name": "Myrtle_Ballard"
    },
    {
      "group": 6,
      "name": "Allen_Alexander"
    },
    {
      "group": 6,
      "name": "Elizabeth_Eversole"
    },
    {
      "group": 6,
      "name": "Debra_Miller"
    },
    {
      "group": 6,
      "name": "Diane_Springer"
    },
    {
      "group": 6,
      "name": "Maynard_Morales"
    },
    {
      "group": 6,
      "name": "Jon_Williams"
    },
    {
      "group": 6,
      "name": "Jennifer_Campbell"
    },
    {
      "group": 6,
      "name": "Justin_Warner"
    },
    {
      "group": 6,
      "name": "Lee_Hope"
    },
    {
      "group": 6,
      "name": "Ashley_Tancredi"
    },
    {
      "group": 6,
      "name": "Lori_Fichter"
    },
    {
      "group": 6,
      "name": "Jean_Cushenberry"
    },
    {
      "group": 6,
      "name": "Ernestina_Borges"
    },
    {
      "group": 6,
      "name": "Alisha_Raheja"
    },
    {
      "group": 6,
      "name": "Johnny_Pawlowski"
    },
    {
      "group": 6,
      "name": "Chester_Logan"
    },
    {
      "group": 6,
      "name": "Jerry_Prioleau"
    },
    {
      "group": 6,
      "name": "Clint_Teichmann"
    },
    {
      "group": 6,
      "name": "Trinh_Meade"
    },
    {
      "group": 6,
      "name": "Leo_Hardy"
    },
    {
      "group": 6,
      "name": "Brenda_Wilkerson"
    },
    {
      "group": 6,
      "name": "Jackie_Owens"
    },
    {
      "group": 6,
      "name": "Josefa_Smith"
    },
    {
      "group": 6,
      "name": "Elizabeth_Ferri"
    },
    {
      "group": 6,
      "name": "Gary_Silvey"
    },
    {
      "group": 6,
      "name": "Eleanor_Mcsween"
    },
    {
      "group": 6,
      "name": "Mark_Nincehelsor"
    },
    {
      "group": 6,
      "name": "Haley_Fehrenbach"
    },
    {
      "group": 6,
      "name": "Angela_Shane"
    },
    {
      "group": 6,
      "name": "Betty_Mercer"
    },
    {
      "group": 6,
      "name": "Brenda_Markovich"
    },
    {
      "group": 6,
      "name": "Carrie_Walker"
    },
    {
      "group": 6,
      "name": "John_Limbrick"
    },
    {
      "group": 6,
      "name": "Daniel_Meyers"
    },
    {
      "group": 6,
      "name": "James_Winston"
    },
    {
      "group": 6,
      "name": "Joseph_Shackelford"
    },
    {
      "group": 6,
      "name": "Paul_Irvine"
    },
    {
      "group": 6,
      "name": "Kathleen_Hendricks"
    },
    {
      "group": 6,
      "name": "Nancy_Brown"
    },
    {
      "group": 6,
      "name": "Wayne_Hoffman"
    },
    {
      "group": 6,
      "name": "Kiera_Hebert"
    },
    {
      "group": 6,
      "name": "Peggy_Streetman"
    },
    {
      "group": 6,
      "name": "Ray_Cavanaugh"
    },
    {
      "group": 6,
      "name": "Richard_Sanders"
    },
    {
      "group": 6,
      "name": "Tyrone_Ussery"
    },
    {
      "group": 6,
      "name": "Joseph_Hyde"
    },
    {
      "group": 6,
      "name": "Marcus_Niederkorn"
    },
    {
      "group": 6,
      "name": "Raymond_Jones"
    },
    {
      "group": 6,
      "name": "Kevin_Ruth"
    },
    {
      "group": 6,
      "name": "John_Truett"
    },
    {
      "group": 6,
      "name": "Ashley_Dolan"
    },
    {
      "group": 6,
      "name": "Mary_Begay"
    },
    {
      "group": 6,
      "name": "Timothy_Jarquin"
    },
    {
      "group": 6,
      "name": "Thomas_Laforge"
    },
    {
      "group": 6,
      "name": "Cora_Brescia"
    },
    {
      "group": 6,
      "name": "Hugo_Landry"
    },
    {
      "group": 6,
      "name": "Brian_Brown"
    },
    {
      "group": 6,
      "name": "Carla_Nelson"
    },
    {
      "group": 6,
      "name": "Ricky_Lester"
    },
    {
      "group": 6,
      "name": "Jason_Randolph"
    },
    {
      "group": 6,
      "name": "Katherine_Viverette"
    },
    {
      "group": 6,
      "name": "Jennifer_Culpepper"
    },
    {
      "group": 6,
      "name": "Thurman_Hanchett"
    },
    {
      "group": 6,
      "name": "Sidney_Eaker"
    },
    {
      "group": 6,
      "name": "James_Meyers"
    },
    {
      "group": 6,
      "name": "Leda_Swinehart"
    },
    {
      "group": 6,
      "name": "Michelle_Green"
    },
    {
      "group": 6,
      "name": "Lucille_Schoberg"
    },
    {
      "group": 6,
      "name": "Louis_Luna"
    },
    {
      "group": 6,
      "name": "Marco_Soto"
    },
    {
      "group": 6,
      "name": "Albert_Cruz"
    },
    {
      "group": 6,
      "name": "Ruth_Palmer"
    },
    {
      "group": 6,
      "name": "Kathy_Bernstein"
    },
    {
      "group": 6,
      "name": "Anna_Sallee"
    },
    {
      "group": 6,
      "name": "Craig_Beam"
    },
    {
      "group": 6,
      "name": "Sonja_Griffin"
    },
    {
      "group": 6,
      "name": "Damian_Beard"
    },
    {
      "group": 6,
      "name": "Manuel_Witkowski"
    },
    {
      "group": 6,
      "name": "Violeta_Howard"
    },
    {
      "group": 6,
      "name": "Cindy_Crape"
    },
    {
      "group": 6,
      "name": "Thomas_Craighead"
    },
    {
      "group": 6,
      "name": "Kristine_Harris"
    },
    {
      "group": 6,
      "name": "Clarence_Moss"
    },
    {
      "group": 6,
      "name": "Monica_Conover"
    },
    {
      "group": 6,
      "name": "Carl_Searles"
    },
    {
      "group": 6,
      "name": "Margaret_Brown"
    },
    {
      "group": 6,
      "name": "Heike_Moore"
    },
    {
      "group": 6,
      "name": "Robert_Smith"
    },
    {
      "group": 6,
      "name": "Ben_Padovano"
    },
    {
      "group": 6,
      "name": "Patrick_Marshall"
    },
    {
      "group": 6,
      "name": "Mike_Gregory"
    },
    {
      "group": 6,
      "name": "Debra_Egge"
    },
    {
      "group": 6,
      "name": "Michael_Hopkins"
    },
    {
      "group": 6,
      "name": "Eva_Douglas"
    },
    {
      "group": 6,
      "name": "Lisa_Walker"
    },
    {
      "group": 6,
      "name": "Danielle_Lucas"
    },
    {
      "group": 6,
      "name": "Faye_Howard"
    },
    {
      "group": 6,
      "name": "Joseph_Wilson"
    },
    {
      "group": 6,
      "name": "Mary_Virgen"
    },
    {
      "group": 6,
      "name": "Betty_Rippeon"
    },
    {
      "group": 6,
      "name": "David_Newborn"
    },
    {
      "group": 6,
      "name": "Steven_Cook"
    },
    {
      "group": 6,
      "name": "Teresita_Nisbet"
    },
    {
      "group": 6,
      "name": "Joseph_Harris"
    },
    {
      "group": 6,
      "name": "Keith_Hill"
    },
    {
      "group": 6,
      "name": "Manuel_Douglas"
    },
    {
      "group": 6,
      "name": "Gary_Gentry"
    },
    {
      "group": 6,
      "name": "Freda_Loera"
    },
    {
      "group": 6,
      "name": "John_Warner"
    },
    {
      "group": 6,
      "name": "Clark_Dixson"
    },
    {
      "group": 6,
      "name": "Victoria_Kintzel"
    },
    {
      "group": 6,
      "name": "Lorraine_Shortell"
    },
    {
      "group": 6,
      "name": "Jennifer_Dailey"
    },
    {
      "group": 6,
      "name": "Samuel_Gardner"
    },
    {
      "group": 6,
      "name": "Dennis_Doyle"
    },
    {
      "group": 6,
      "name": "Diana_Frick"
    },
    {
      "group": 6,
      "name": "Carolyn_Dunigan"
    },
    {
      "group": 6,
      "name": "Jane_Gautam"
    },
    {
      "group": 6,
      "name": "Brenda_Conley"
    },
    {
      "group": 6,
      "name": "Patrica_Jones"
    },
    {
      "group": 6,
      "name": "Steven_Clark"
    },
    {
      "group": 6,
      "name": "Melvin_Brown"
    },
    {
      "group": 6,
      "name": "Manuel_Ovington"
    },
    {
      "group": 6,
      "name": "Pamela_Mayer"
    },
    {
      "group": 6,
      "name": "Susan_Mcelroy"
    },
    {
      "group": 6,
      "name": "Nicole_Taylor"
    },
    {
      "group": 6,
      "name": "Janice_Carter"
    },
    {
      "group": 6,
      "name": "Richard_Bennett"
    },
    {
      "group": 6,
      "name": "Dennis_Pita"
    },
    {
      "group": 6,
      "name": "Tobias_Daniels"
    },
    {
      "group": 6,
      "name": "Richard_Pope"
    },
    {
      "group": 6,
      "name": "Eddie_Olson"
    },
    {
      "group": 6,
      "name": "Margarita_Herrera"
    },
    {
      "group": 6,
      "name": "Inez_Taylor"
    },
    {
      "group": 6,
      "name": "Catherine_Krasner"
    },
    {
      "group": 6,
      "name": "Doris_Alexander"
    },
    {
      "group": 6,
      "name": "Ann_Gresham"
    },
    {
      "group": 6,
      "name": "Edward_Tarantino"
    },
    {
      "group": 6,
      "name": "Clyde_Castillo"
    },
    {
      "group": 6,
      "name": "Rhonda_Cunningham"
    },
    {
      "group": 6,
      "name": "Kristine_Grubbs"
    },
    {
      "group": 6,
      "name": "Bryce_Cleveland"
    },
    {
      "group": 6,
      "name": "Kevin_Holt"
    },
    {
      "group": 6,
      "name": "Nellie_Merkel"
    },
    {
      "group": 6,
      "name": "Kathryn_Roark"
    },
    {
      "group": 6,
      "name": "Martin_Clinton"
    },
    {
      "group": 6,
      "name": "James_Batts"
    },
    {
      "group": 6,
      "name": "Brandon_Favero"
    },
    {
      "group": 6,
      "name": "Matthew_Bilger"
    },
    {
      "group": 6,
      "name": "Rita_Aylesworth"
    },
    {
      "group": 6,
      "name": "Terry_Miller"
    },
    {
      "group": 6,
      "name": "Isaac_Huff"
    },
    {
      "group": 6,
      "name": "Mark_Gregory"
    },
    {
      "group": 6,
      "name": "Raymond_Lee"
    },
    {
      "group": 6,
      "name": "Betty_Simonis"
    },
    {
      "group": 6,
      "name": "William_Mccormack"
    },
    {
      "group": 6,
      "name": "Shelly_Mcleod"
    },
    {
      "group": 6,
      "name": "Hillary_Mallon"
    },
    {
      "group": 6,
      "name": "Angelica_Lawrence"
    },
    {
      "group": 6,
      "name": "Jeanette_Gates"
    },
    {
      "group": 6,
      "name": "Russell_Kohler"
    },
    {
      "group": 6,
      "name": "Clarence_Henderson"
    },
    {
      "group": 6,
      "name": "Lisa_Perrault"
    },
    {
      "group": 6,
      "name": "Ruth_Win"
    },
    {
      "group": 6,
      "name": "Shanda_Blankenbaker"
    },
    {
      "group": 6,
      "name": "Clinton_Owens"
    },
    {
      "group": 6,
      "name": "Kurt_Mcateer"
    },
    {
      "group": 6,
      "name": "Doreen_Salvietti"
    },
    {
      "group": 6,
      "name": "Bobby_Thill"
    },
    {
      "group": 6,
      "name": "Don_Council"
    },
    {
      "group": 6,
      "name": "Paul_Jones"
    },
    {
      "group": 6,
      "name": "Trina_Copeland"
    },
    {
      "group": 6,
      "name": "Keith_Phelps"
    },
    {
      "group": 6,
      "name": "Timothy_Lopes"
    },
    {
      "group": 6,
      "name": "Scott_Mcdonald"
    },
    {
      "group": 6,
      "name": "Linda_Leblanc"
    },
    {
      "group": 6,
      "name": "Gail_Taylor"
    },
    {
      "group": 6,
      "name": "Gerald_Martin"
    },
    {
      "group": 6,
      "name": "Jung_Kelsey"
    },
    {
      "group": 6,
      "name": "Jorge_Dorris"
    },
    {
      "group": 6,
      "name": "Richard_Daniel"
    },
    {
      "group": 6,
      "name": "Anthony_Allen"
    },
    {
      "group": 6,
      "name": "Sherie_Ferrari"
    },
    {
      "group": 6,
      "name": "Robert_Converse"
    },
    {
      "group": 6,
      "name": "Daniel_Hittle"
    },
    {
      "group": 6,
      "name": "Johnny_Ramirez"
    },
    {
      "group": 6,
      "name": "Ted_Timmons"
    },
    {
      "group": 6,
      "name": "Charles_Dale"
    },
    {
      "group": 6,
      "name": "Collen_Wickman"
    },
    {
      "group": 6,
      "name": "Paul_Cockerill"
    },
    {
      "group": 6,
      "name": "George_Hernandes"
    },
    {
      "group": 6,
      "name": "Linda_Goodermote"
    },
    {
      "group": 6,
      "name": "Mackenzie_Derby"
    },
    {
      "group": 6,
      "name": "Michael_Huro"
    },
    {
      "group": 6,
      "name": "Judith_Hayes"
    },
    {
      "group": 6,
      "name": "Pamela_Downing"
    },
    {
      "group": 6,
      "name": "Alejandro_Dettinger"
    },
    {
      "group": 6,
      "name": "Eva_Cunningham"
    },
    {
      "group": 6,
      "name": "Dallas_Blue"
    },
    {
      "group": 6,
      "name": "Bobbie_Hanscom"
    },
    {
      "group": 6,
      "name": "Tami_Nelson"
    },
    {
      "group": 6,
      "name": "Lawrence_Tate"
    },
    {
      "group": 6,
      "name": "Howard_Stewart"
    },
    {
      "group": 6,
      "name": "Richard_Eddinger"
    },
    {
      "group": 6,
      "name": "Susan_Sanchez"
    },
    {
      "group": 6,
      "name": "Carl_Melton"
    },
    {
      "group": 6,
      "name": "Andrea_Barnett"
    },
    {
      "group": 6,
      "name": "Jennifer_Rottenberg"
    },
    {
      "group": 6,
      "name": "Cindy_Serasio"
    },
    {
      "group": 6,
      "name": "Chad_Willis"
    },
    {
      "group": 6,
      "name": "Doris_Taylor"
    },
    {
      "group": 6,
      "name": "Christina_Dotolo"
    },
    {
      "group": 6,
      "name": "Jeffrey_Williams"
    },
    {
      "group": 6,
      "name": "Andrew_Allen"
    },
    {
      "group": 6,
      "name": "Michael_Scala"
    },
    {
      "group": 6,
      "name": "Geoffrey_Rios"
    },
    {
      "group": 6,
      "name": "Hazel_Parker"
    },
    {
      "group": 6,
      "name": "Barbara_Smith"
    },
    {
      "group": 6,
      "name": "Teresa_Williamson"
    },
    {
      "group": 6,
      "name": "Joseph_Khan"
    },
    {
      "group": 6,
      "name": "Jackie_Tang"
    },
    {
      "group": 6,
      "name": "Ronnie_Brown"
    },
    {
      "group": 6,
      "name": "Melanie_Freeman"
    },
    {
      "group": 6,
      "name": "James_Jackson"
    },
    {
      "group": 6,
      "name": "Margarita_Weisman"
    },
    {
      "group": 6,
      "name": "Rodney_Miles"
    },
    {
      "group": 6,
      "name": "Melvin_Castillo"
    },
    {
      "group": 6,
      "name": "Alfreda_Bunker"
    },
    {
      "group": 6,
      "name": "Lucille_Floto"
    },
    {
      "group": 6,
      "name": "Jeneva_Nelson"
    },
    {
      "group": 6,
      "name": "Joseph_Deering"
    },
    {
      "group": 6,
      "name": "Jo_Frazier"
    },
    {
      "group": 6,
      "name": "Bernard_Brennan"
    },
    {
      "group": 6,
      "name": "Renate_Shaffer"
    },
    {
      "group": 6,
      "name": "Lillian_Wilson"
    },
    {
      "group": 6,
      "name": "Raymond_Nelson"
    },
    {
      "group": 6,
      "name": "Christine_Wynder"
    },
    {
      "group": 6,
      "name": "Adam_Clouthier"
    },
    {
      "group": 6,
      "name": "Woodrow_Vanderloo"
    },
    {
      "group": 6,
      "name": "Brent_Farrow"
    },
    {
      "group": 6,
      "name": "Emelda_Caudill"
    },
    {
      "group": 6,
      "name": "Angela_Evans"
    },
    {
      "group": 6,
      "name": "Patricia_Adams"
    },
    {
      "group": 6,
      "name": "Kevin_Hammer"
    },
    {
      "group": 6,
      "name": "Judy_Stephenson"
    },
    {
      "group": 6,
      "name": "Leah_Bivens"
    },
    {
      "group": 6,
      "name": "Stanley_Powers"
    },
    {
      "group": 6,
      "name": "Tempie_Prince"
    },
    {
      "group": 6,
      "name": "Debbie_Laliberte"
    },
    {
      "group": 6,
      "name": "Stephanie_Weaver"
    },
    {
      "group": 6,
      "name": "Mattie_Antillon"
    },
    {
      "group": 6,
      "name": "Michael_Rodgers"
    },
    {
      "group": 6,
      "name": "Lorenzo_Lee"
    },
    {
      "group": 6,
      "name": "Tamara_Mata"
    },
    {
      "group": 6,
      "name": "Kerri_Koeppen"
    },
    {
      "group": 6,
      "name": "Angelita_Burton"
    },
    {
      "group": 6,
      "name": "Kristopher_Lawrence"
    },
    {
      "group": 6,
      "name": "Anthony_Gilfillan"
    },
    {
      "group": 6,
      "name": "Robert_Oberholtzer"
    },
    {
      "group": 6,
      "name": "Brian_Nichols"
    },
    {
      "group": 6,
      "name": "Jason_Gabrielson"
    },
    {
      "group": 6,
      "name": "David_Owens"
    },
    {
      "group": 6,
      "name": "Carla_Steele"
    },
    {
      "group": 6,
      "name": "Patricia_Hatcher"
    },
    {
      "group": 6,
      "name": "Donna_Moreland"
    },
    {
      "group": 6,
      "name": "Sharon_Chen"
    },
    {
      "group": 6,
      "name": "Kevin_Unrein"
    },
    {
      "group": 6,
      "name": "Margaret_Morefield"
    },
    {
      "group": 6,
      "name": "Brenda_Brink"
    },
    {
      "group": 6,
      "name": "Hope_Petix"
    },
    {
      "group": 6,
      "name": "Belinda_Faria"
    },
    {
      "group": 6,
      "name": "Roy_Castillo"
    },
    {
      "group": 6,
      "name": "Rosalind_Engfer"
    },
    {
      "group": 6,
      "name": "Evelyn_Pettner"
    },
    {
      "group": 6,
      "name": "Christopher_Gaynor"
    },
    {
      "group": 6,
      "name": "Jason_Hix"
    },
    {
      "group": 6,
      "name": "Nancy_Gaitan"
    },
    {
      "group": 6,
      "name": "Phyllis_Enck"
    },
    {
      "group": 6,
      "name": "Mary_Velez"
    },
    {
      "group": 6,
      "name": "George_Schreiner"
    },
    {
      "group": 6,
      "name": "Jose_Wischmeier"
    },
    {
      "group": 6,
      "name": "Joshua_Klare"
    },
    {
      "group": 6,
      "name": "Edward_Rendon"
    },
    {
      "group": 6,
      "name": "Wendy_Willis"
    },
    {
      "group": 6,
      "name": "Barry_Goetz"
    },
    {
      "group": 6,
      "name": "Jessie_Woodard"
    },
    {
      "group": 6,
      "name": "Velma_Carnes"
    },
    {
      "group": 6,
      "name": "Jose_Cabral"
    },
    {
      "group": 6,
      "name": "Deborah_Jones"
    },
    {
      "group": 6,
      "name": "Marcus_House"
    },
    {
      "group": 6,
      "name": "Reginald_Armor"
    },
    {
      "group": 6,
      "name": "Michelle_Gilmore"
    },
    {
      "group": 6,
      "name": "Steve_Brown"
    },
    {
      "group": 6,
      "name": "Arthur_Usher"
    },
    {
      "group": 6,
      "name": "Chun_Torain"
    },
    {
      "group": 6,
      "name": "Adrian_Valencia"
    },
    {
      "group": 6,
      "name": "Jesse_Nasser"
    },
    {
      "group": 6,
      "name": "Dwight_Anderson"
    },
    {
      "group": 6,
      "name": "Nanette_Pleasanton"
    },
    {
      "group": 6,
      "name": "Gina_Kessler"
    },
    {
      "group": 6,
      "name": "Chad_Price"
    },
    {
      "group": 6,
      "name": "Wilbert_Obrien"
    },
    {
      "group": 6,
      "name": "Scott_Ellis"
    },
    {
      "group": 6,
      "name": "Andy_Cantua"
    },
    {
      "group": 6,
      "name": "Kimberly_Felton"
    },
    {
      "group": 6,
      "name": "Carla_Caruso"
    },
    {
      "group": 6,
      "name": "Lorena_Madrid"
    },
    {
      "group": 6,
      "name": "Patsy_Petrin"
    },
    {
      "group": 6,
      "name": "William_Fanning"
    },
    {
      "group": 6,
      "name": "Lorri_Bostwick"
    },
    {
      "group": 6,
      "name": "George_Nighman"
    },
    {
      "group": 6,
      "name": "Shelly_Murders"
    },
    {
      "group": 6,
      "name": "James_Newsome"
    },
    {
      "group": 6,
      "name": "Macy_Thompson"
    },
    {
      "group": 6,
      "name": "Stephen_Spencer"
    },
    {
      "group": 6,
      "name": "Mohammad_Green"
    },
    {
      "group": 6,
      "name": "Anthony_Province"
    },
    {
      "group": 6,
      "name": "Naomi_Brock"
    },
    {
      "group": 6,
      "name": "Crystal_Schroeder"
    },
    {
      "group": 6,
      "name": "James_Smith"
    },
    {
      "group": 6,
      "name": "Nancy_Porter"
    },
    {
      "group": 6,
      "name": "John_Mann"
    },
    {
      "group": 6,
      "name": "Helen_Barrett"
    },
    {
      "group": 6,
      "name": "Jack_Rivers"
    },
    {
      "group": 6,
      "name": "Mildred_Harris"
    },
    {
      "group": 6,
      "name": "Judith_Geller"
    },
    {
      "group": 6,
      "name": "Paul_Strasser"
    },
    {
      "group": 6,
      "name": "Douglas_Sauceda"
    },
    {
      "group": 6,
      "name": "Kelly_Kenworthy"
    },
    {
      "group": 6,
      "name": "Carol_Collins"
    },
    {
      "group": 6,
      "name": "Madelyn_Muhammad"
    },
    {
      "group": 6,
      "name": "Wendi_Ankney"
    },
    {
      "group": 6,
      "name": "Janna_Smith"
    },
    {
      "group": 6,
      "name": "Kendra_Plescia"
    },
    {
      "group": 6,
      "name": "Terrance_Lawhorn"
    },
    {
      "group": 6,
      "name": "Beatriz_Hill"
    },
    {
      "group": 6,
      "name": "Thomas_Patton"
    },
    {
      "group": 6,
      "name": "William_Casillas"
    },
    {
      "group": 6,
      "name": "William_Schulz"
    },
    {
      "group": 6,
      "name": "Mindy_Hayes"
    },
    {
      "group": 6,
      "name": "Nancy_Ellis"
    },
    {
      "group": 6,
      "name": "Evelyn_Campbell"
    },
    {
      "group": 6,
      "name": "Clara_Mccarthy"
    },
    {
      "group": 6,
      "name": "Joan_Brady"
    },
    {
      "group": 6,
      "name": "Freddy_Jones"
    },
    {
      "group": 6,
      "name": "Martha_Cho"
    },
    {
      "group": 6,
      "name": "Kristy_Bennett"
    },
    {
      "group": 6,
      "name": "Wm_Dixon"
    },
    {
      "group": 6,
      "name": "Stanley_Fetzer"
    },
    {
      "group": 6,
      "name": "Mark_Ernst"
    },
    {
      "group": 6,
      "name": "Barbara_Lee"
    },
    {
      "group": 6,
      "name": "Greta_Straub"
    },
    {
      "group": 6,
      "name": "Jeffrey_Thompson"
    },
    {
      "group": 6,
      "name": "Alice_Perlman"
    },
    {
      "group": 6,
      "name": "Darlene_Pedigo"
    },
    {
      "group": 6,
      "name": "Travis_Vanvalkenburg"
    },
    {
      "group": 6,
      "name": "Maria_Sherbert"
    },
    {
      "group": 6,
      "name": "Marion_Scott"
    },
    {
      "group": 6,
      "name": "John_Eanes"
    },
    {
      "group": 6,
      "name": "Wesley_Greer"
    },
    {
      "group": 6,
      "name": "Ricardo_Perotti"
    },
    {
      "group": 6,
      "name": "Peggy_Evans"
    },
    {
      "group": 6,
      "name": "Freddie_Hollie"
    },
    {
      "group": 6,
      "name": "Barbara_Sheck"
    },
    {
      "group": 6,
      "name": "Roger_Maxwell"
    },
    {
      "group": 6,
      "name": "William_Robinson"
    },
    {
      "group": 6,
      "name": "James_Avila"
    },
    {
      "group": 6,
      "name": "Janice_Gregg"
    },
    {
      "group": 6,
      "name": "Luz_Burns"
    },
    {
      "group": 6,
      "name": "Paul_Cook"
    },
    {
      "group": 6,
      "name": "Daniel_Glosson"
    },
    {
      "group": 6,
      "name": "Alvaro_Cordano"
    },
    {
      "group": 6,
      "name": "Charles_Phillips"
    },
    {
      "group": 6,
      "name": "Jeri_Hornick"
    },
    {
      "group": 6,
      "name": "Katelyn_Mabon"
    },
    {
      "group": 6,
      "name": "Betty_Canales"
    },
    {
      "group": 6,
      "name": "Celeste_Snyder"
    },
    {
      "group": 6,
      "name": "Laura_Henderson"
    },
    {
      "group": 6,
      "name": "Rex_Ward"
    },
    {
      "group": 6,
      "name": "Blaine_Chow"
    },
    {
      "group": 6,
      "name": "Kasey_Lupo"
    },
    {
      "group": 6,
      "name": "Bonnie_Rodriguez"
    },
    {
      "group": 6,
      "name": "Oleta_Moore"
    },
    {
      "group": 6,
      "name": "Farah_Hart"
    },
    {
      "group": 6,
      "name": "Michael_Cabrera"
    },
    {
      "group": 6,
      "name": "Karen_Hixon"
    },
    {
      "group": 6,
      "name": "Jenny_Gilbert"
    },
    {
      "group": 6,
      "name": "Marian_Hochstetler"
    },
    {
      "group": 6,
      "name": "Kenneth_Conley"
    },
    {
      "group": 6,
      "name": "Laverne_Figueroa"
    },
    {
      "group": 6,
      "name": "Elsie_Covert"
    },
    {
      "group": 6,
      "name": "Alethia_Ezpeleta"
    },
    {
      "group": 6,
      "name": "John_Jackson"
    },
    {
      "group": 6,
      "name": "Clarence_Maeda"
    },
    {
      "group": 6,
      "name": "Tomeka_Wise"
    },
    {
      "group": 6,
      "name": "Anne_Roberts"
    },
    {
      "group": 6,
      "name": "Andrew_Reed"
    },
    {
      "group": 6,
      "name": "Nancy_Kennedy"
    },
    {
      "group": 6,
      "name": "Joe_Harms"
    },
    {
      "group": 6,
      "name": "Emory_Olmstead"
    },
    {
      "group": 6,
      "name": "Gary_Brinkman"
    },
    {
      "group": 6,
      "name": "Carl_Smith"
    },
    {
      "group": 6,
      "name": "David_Hill"
    },
    {
      "group": 6,
      "name": "Kevin_Glessner"
    },
    {
      "group": 6,
      "name": "Pauline_Benjamin"
    },
    {
      "group": 6,
      "name": "Jody_Moyer"
    },
    {
      "group": 6,
      "name": "Arthur_Myers"
    },
    {
      "group": 6,
      "name": "James_Johnson"
    },
    {
      "group": 6,
      "name": "Jennifer_Burley"
    },
    {
      "group": 6,
      "name": "Lucy_Gomes"
    },
    {
      "group": 6,
      "name": "Jean_Hulsizer"
    },
    {
      "group": 6,
      "name": "Wendy_Ramsdell"
    },
    {
      "group": 6,
      "name": "Winona_Williamson"
    },
    {
      "group": 6,
      "name": "George_Salinas"
    },
    {
      "group": 6,
      "name": "Robert_Stinson"
    },
    {
      "group": 6,
      "name": "Sandra_Coons"
    },
    {
      "group": 6,
      "name": "Mark_Jacobs"
    },
    {
      "group": 6,
      "name": "Rene_Odle"
    },
    {
      "group": 6,
      "name": "William_Lynch"
    },
    {
      "group": 6,
      "name": "Mary_Johnson"
    },
    {
      "group": 6,
      "name": "Marie_Poplar"
    },
    {
      "group": 6,
      "name": "Melvin_Guerra"
    },
    {
      "group": 6,
      "name": "Brenton_Richardson"
    },
    {
      "group": 6,
      "name": "David_Muniz"
    },
    {
      "group": 6,
      "name": "Jonathan_Samuel"
    },
    {
      "group": 6,
      "name": "Glenn_Henderson"
    },
    {
      "group": 6,
      "name": "Amanda_Boore"
    },
    {
      "group": 6,
      "name": "Ruthie_Baker"
    },
    {
      "group": 6,
      "name": "Carol_Davis"
    },
    {
      "group": 6,
      "name": "Alice_Dearborn"
    },
    {
      "group": 6,
      "name": "Bruce_Young"
    },
    {
      "group": 6,
      "name": "Vincent_Davis"
    },
    {
      "group": 6,
      "name": "Charlotte_Finch"
    },
    {
      "group": 6,
      "name": "Evette_Boyd"
    },
    {
      "group": 6,
      "name": "Ronald_Woodbury"
    },
    {
      "group": 6,
      "name": "Donna_Adams"
    },
    {
      "group": 6,
      "name": "David_Cope"
    },
    {
      "group": 6,
      "name": "Aldo_Chandler"
    },
    {
      "group": 6,
      "name": "Mary_Starkey"
    },
    {
      "group": 6,
      "name": "Crystal_Bode"
    },
    {
      "group": 6,
      "name": "Dennis_Winders"
    },
    {
      "group": 6,
      "name": "Melissa_Keisler"
    },
    {
      "group": 6,
      "name": "Michael_Hardin"
    },
    {
      "group": 6,
      "name": "Clara_Terry"
    },
    {
      "group": 6,
      "name": "Mary_King"
    },
    {
      "group": 6,
      "name": "Ricardo_Outlaw"
    },
    {
      "group": 6,
      "name": "James_Davis"
    },
    {
      "group": 6,
      "name": "Johnny_Sparks"
    },
    {
      "group": 6,
      "name": "Felix_Lobue"
    },
    {
      "group": 6,
      "name": "Ricky_Dasilva"
    },
    {
      "group": 6,
      "name": "Tammy_Ragland"
    },
    {
      "group": 6,
      "name": "Patsy_Chinn"
    },
    {
      "group": 6,
      "name": "Richard_Doty"
    },
    {
      "group": 6,
      "name": "Richard_Swanston"
    },
    {
      "group": 6,
      "name": "Sydney_Roy"
    },
    {
      "group": 6,
      "name": "Chanelle_Parenti"
    },
    {
      "group": 6,
      "name": "Donald_May"
    },
    {
      "group": 6,
      "name": "Stephanie_Rollins"
    },
    {
      "group": 6,
      "name": "Jeremy_Stile"
    },
    {
      "group": 6,
      "name": "Joseph_Crawford"
    },
    {
      "group": 6,
      "name": "Imogene_Tate"
    },
    {
      "group": 6,
      "name": "Glen_Merry"
    },
    {
      "group": 6,
      "name": "Kimberly_Mitchell"
    },
    {
      "group": 6,
      "name": "Kristina_Blea"
    },
    {
      "group": 6,
      "name": "Malinda_Lyles"
    },
    {
      "group": 6,
      "name": "Juanita_Cooksey"
    },
    {
      "group": 6,
      "name": "Ernesto_Wade"
    },
    {
      "group": 6,
      "name": "Charles_Smith"
    },
    {
      "group": 6,
      "name": "Paula_Gann"
    },
    {
      "group": 6,
      "name": "Gay_Honse"
    },
    {
      "group": 6,
      "name": "Marjorie_Pack"
    },
    {
      "group": 6,
      "name": "Roger_Herman"
    },
    {
      "group": 6,
      "name": "Tracy_Cunningham"
    },
    {
      "group": 6,
      "name": "Michael_Sprung"
    },
    {
      "group": 6,
      "name": "Maria_Hurley"
    },
    {
      "group": 6,
      "name": "Reyes_Gosz"
    },
    {
      "group": 6,
      "name": "Martha_Jelden"
    },
    {
      "group": 6,
      "name": "Bobby_Huang"
    },
    {
      "group": 6,
      "name": "Tamika_Channell"
    },
    {
      "group": 6,
      "name": "Francisca_Granado"
    },
    {
      "group": 6,
      "name": "Joy_Kasper"
    },
    {
      "group": 6,
      "name": "Jessica_Mercer"
    },
    {
      "group": 6,
      "name": "Margaret_Wells"
    },
    {
      "group": 6,
      "name": "Robert_Galimi"
    },
    {
      "group": 6,
      "name": "Barbara_Molon"
    },
    {
      "group": 6,
      "name": "Christina_Davis"
    },
    {
      "group": 6,
      "name": "Sean_Carman"
    },
    {
      "group": 6,
      "name": "Amparo_Covington"
    },
    {
      "group": 6,
      "name": "Regina_Dover"
    },
    {
      "group": 6,
      "name": "Ernest_Arrington"
    },
    {
      "group": 6,
      "name": "Brandon_Kearney"
    },
    {
      "group": 6,
      "name": "Wade_White"
    },
    {
      "group": 6,
      "name": "Stephen_Whitenack"
    },
    {
      "group": 6,
      "name": "Michael_Young"
    },
    {
      "group": 6,
      "name": "Brandy_Dalton"
    },
    {
      "group": 6,
      "name": "Janet_Barry"
    },
    {
      "group": 6,
      "name": "Keith_Collins"
    },
    {
      "group": 6,
      "name": "Monique_Morley"
    },
    {
      "group": 6,
      "name": "Barbara_Avans"
    },
    {
      "group": 6,
      "name": "Marion_Gallagher"
    },
    {
      "group": 6,
      "name": "Nancy_Zavala"
    },
    {
      "group": 6,
      "name": "John_Tuten"
    },
    {
      "group": 6,
      "name": "Karol_Hepler"
    },
    {
      "group": 6,
      "name": "Maria_Barnes"
    },
    {
      "group": 6,
      "name": "Donald_Malone"
    },
    {
      "group": 6,
      "name": "Robby_Richard"
    },
    {
      "group": 6,
      "name": "Gary_Burns"
    },
    {
      "group": 6,
      "name": "Debra_Cass"
    },
    {
      "group": 6,
      "name": "Bill_Crawford"
    },
    {
      "group": 6,
      "name": "Robert_Mclavrin"
    },
    {
      "group": 6,
      "name": "Fredrick_Dorich"
    },
    {
      "group": 6,
      "name": "Eric_Maxwell"
    },
    {
      "group": 6,
      "name": "Rebecca_Ambrose"
    },
    {
      "group": 6,
      "name": "Andrew_Carreno"
    },
    {
      "group": 6,
      "name": "Janie_Price"
    },
    {
      "group": 6,
      "name": "Joseph_Herrick"
    },
    {
      "group": 6,
      "name": "Kate_Pearson"
    },
    {
      "group": 6,
      "name": "Sherri_Simmons"
    },
    {
      "group": 6,
      "name": "Lisa_Langham"
    },
    {
      "group": 6,
      "name": "Doyle_West"
    },
    {
      "group": 6,
      "name": "Dale_Yang"
    },
    {
      "group": 6,
      "name": "Mark_Cochran"
    },
    {
      "group": 6,
      "name": "Courtney_Mejia"
    },
    {
      "group": 6,
      "name": "Bill_Rooney"
    },
    {
      "group": 6,
      "name": "Erica_Norton"
    },
    {
      "group": 6,
      "name": "August_Smith"
    },
    {
      "group": 6,
      "name": "Jan_Crum"
    }
  ],
  "links": [
    {
      "source": 0,
      "target": 1,
      "value": 1
    },
    {
      "source": 2,
      "target": 3,
      "value": 2
    },
    {
      "source": 2,
      "target": 4,
      "value": 1
    },
    {
      "source": 2,
      "target": 5,
      "value": 1
    },
    {
      "source": 6,
      "target": 7,
      "value": 1
    },
    {
      "source": 6,
      "target": 8,
      "value": 2
    },
    {
      "source": 6,
      "target": 9,
      "value": 1
    },
    {
      "source": 6,
      "target": 10,
      "value": 2
    },
    {
      "source": 6,
      "target": 11,
      "value": 1
    },
    {
      "source": 6,
      "target": 12,
      "value": 1
    },
    {
      "source": 6,
      "target": 13,
      "value": 1
    },
    {
      "source": 6,
      "target": 14,
      "value": 1
    },
    {
      "source": 6,
      "target": 15,
      "value": 7
    },
    {
      "source": 6,
      "target": 16,
      "value": 1
    },
    {
      "source": 6,
      "target": 17,
      "value": 1
    },
    {
      "source": 6,
      "target": 18,
      "value": 3
    },
    {
      "source": 6,
      "target": 19,
      "value": 1
    },
    {
      "source": 6,
      "target": 20,
      "value": 2
    },
    {
      "source": 6,
      "target": 21,
      "value": 2
    },
    {
      "source": 6,
      "target": 22,
      "value": 2
    },
    {
      "source": 6,
      "target": 23,
      "value": 1
    },
    {
      "source": 6,
      "target": 24,
      "value": 1
    },
    {
      "source": 25,
      "target": 26,
      "value": 4
    },
    {
      "source": 25,
      "target": 27,
      "value": 9
    },
    {
      "source": 25,
      "target": 28,
      "value": 1
    },
    {
      "source": 25,
      "target": 29,
      "value": 1
    },
    {
      "source": 25,
      "target": 30,
      "value": 1
    },
    {
      "source": 31,
      "target": 7,
      "value": 1
    },
    {
      "source": 31,
      "target": 32,
      "value": 1
    },
    {
      "source": 31,
      "target": 33,
      "value": 3
    },
    {
      "source": 31,
      "target": 34,
      "value": 1
    },
    {
      "source": 31,
      "target": 35,
      "value": 1
    },
    {
      "source": 31,
      "target": 36,
      "value": 1
    },
    {
      "source": 31,
      "target": 37,
      "value": 1
    },
    {
      "source": 31,
      "target": 13,
      "value": 1
    },
    {
      "source": 31,
      "target": 28,
      "value": 1
    },
    {
      "source": 31,
      "target": 38,
      "value": 1
    },
    {
      "source": 31,
      "target": 39,
      "value": 4
    },
    {
      "source": 31,
      "target": 40,
      "value": 3
    },
    {
      "source": 31,
      "target": 15,
      "value": 1
    },
    {
      "source": 31,
      "target": 41,
      "value": 1
    },
    {
      "source": 31,
      "target": 42,
      "value": 1
    },
    {
      "source": 31,
      "target": 43,
      "value": 1
    },
    {
      "source": 31,
      "target": 44,
      "value": 1
    },
    {
      "source": 31,
      "target": 45,
      "value": 3
    },
    {
      "source": 31,
      "target": 46,
      "value": 1
    },
    {
      "source": 31,
      "target": 47,
      "value": 1
    },
    {
      "source": 31,
      "target": 48,
      "value": 1
    },
    {
      "source": 31,
      "target": 49,
      "value": 1
    },
    {
      "source": 31,
      "target": 50,
      "value": 2
    },
    {
      "source": 31,
      "target": 51,
      "value": 2
    },
    {
      "source": 31,
      "target": 52,
      "value": 4
    },
    {
      "source": 31,
      "target": 53,
      "value": 1
    },
    {
      "source": 31,
      "target": 54,
      "value": 1
    },
    {
      "source": 31,
      "target": 55,
      "value": 1
    },
    {
      "source": 31,
      "target": 56,
      "value": 2
    },
    {
      "source": 31,
      "target": 57,
      "value": 1
    },
    {
      "source": 31,
      "target": 58,
      "value": 2
    },
    {
      "source": 31,
      "target": 59,
      "value": 1
    },
    {
      "source": 31,
      "target": 60,
      "value": 1
    },
    {
      "source": 31,
      "target": 61,
      "value": 5
    },
    {
      "source": 62,
      "target": 63,
      "value": 1
    },
    {
      "source": 62,
      "target": 64,
      "value": 27
    },
    {
      "source": 62,
      "target": 65,
      "value": 6
    },
    {
      "source": 62,
      "target": 66,
      "value": 1
    },
    {
      "source": 62,
      "target": 67,
      "value": 5
    },
    {
      "source": 62,
      "target": 68,
      "value": 1
    },
    {
      "source": 62,
      "target": 69,
      "value": 26
    },
    {
      "source": 62,
      "target": 70,
      "value": 61
    },
    {
      "source": 62,
      "target": 71,
      "value": 1
    },
    {
      "source": 62,
      "target": 72,
      "value": 1
    },
    {
      "source": 62,
      "target": 73,
      "value": 1
    },
    {
      "source": 62,
      "target": 74,
      "value": 2
    },
    {
      "source": 62,
      "target": 27,
      "value": 1
    },
    {
      "source": 62,
      "target": 9,
      "value": 1
    },
    {
      "source": 62,
      "target": 75,
      "value": 8
    },
    {
      "source": 62,
      "target": 36,
      "value": 1
    },
    {
      "source": 62,
      "target": 76,
      "value": 25
    },
    {
      "source": 62,
      "target": 13,
      "value": 2
    },
    {
      "source": 62,
      "target": 28,
      "value": 10
    },
    {
      "source": 62,
      "target": 77,
      "value": 1
    },
    {
      "source": 62,
      "target": 39,
      "value": 16
    },
    {
      "source": 62,
      "target": 78,
      "value": 1
    },
    {
      "source": 62,
      "target": 79,
      "value": 4
    },
    {
      "source": 62,
      "target": 80,
      "value": 1
    },
    {
      "source": 62,
      "target": 81,
      "value": 1
    },
    {
      "source": 62,
      "target": 82,
      "value": 1
    },
    {
      "source": 62,
      "target": 83,
      "value": 1
    },
    {
      "source": 62,
      "target": 84,
      "value": 16
    },
    {
      "source": 62,
      "target": 85,
      "value": 3
    },
    {
      "source": 62,
      "target": 86,
      "value": 8
    },
    {
      "source": 62,
      "target": 87,
      "value": 2
    },
    {
      "source": 62,
      "target": 88,
      "value": 6
    },
    {
      "source": 62,
      "target": 48,
      "value": 3
    },
    {
      "source": 62,
      "target": 89,
      "value": 4
    },
    {
      "source": 62,
      "target": 90,
      "value": 1
    },
    {
      "source": 62,
      "target": 91,
      "value": 1
    },
    {
      "source": 62,
      "target": 92,
      "value": 22
    },
    {
      "source": 62,
      "target": 93,
      "value": 1
    },
    {
      "source": 62,
      "target": 94,
      "value": 1
    },
    {
      "source": 62,
      "target": 95,
      "value": 2
    },
    {
      "source": 62,
      "target": 56,
      "value": 18
    },
    {
      "source": 62,
      "target": 96,
      "value": 15
    },
    {
      "source": 62,
      "target": 97,
      "value": 7
    },
    {
      "source": 62,
      "target": 98,
      "value": 3
    },
    {
      "source": 99,
      "target": 1,
      "value": 1
    },
    {
      "source": 100,
      "target": 101,
      "value": 1
    },
    {
      "source": 100,
      "target": 89,
      "value": 6
    },
    {
      "source": 100,
      "target": 102,
      "value": 3
    },
    {
      "source": 100,
      "target": 96,
      "value": 1
    },
    {
      "source": 100,
      "target": 103,
      "value": 8
    },
    {
      "source": 104,
      "target": 105,
      "value": 1
    },
    {
      "source": 104,
      "target": 26,
      "value": 1
    },
    {
      "source": 104,
      "target": 66,
      "value": 1
    },
    {
      "source": 104,
      "target": 106,
      "value": 6
    },
    {
      "source": 104,
      "target": 107,
      "value": 1
    },
    {
      "source": 104,
      "target": 39,
      "value": 2
    },
    {
      "source": 104,
      "target": 89,
      "value": 1
    },
    {
      "source": 104,
      "target": 108,
      "value": 1
    },
    {
      "source": 104,
      "target": 95,
      "value": 1
    },
    {
      "source": 104,
      "target": 102,
      "value": 1
    },
    {
      "source": 104,
      "target": 109,
      "value": 3
    },
    {
      "source": 104,
      "target": 96,
      "value": 2
    },
    {
      "source": 104,
      "target": 110,
      "value": 1
    },
    {
      "source": 104,
      "target": 111,
      "value": 5
    },
    {
      "source": 104,
      "target": 112,
      "value": 2
    },
    {
      "source": 105,
      "target": 34,
      "value": 1
    },
    {
      "source": 105,
      "target": 56,
      "value": 1
    },
    {
      "source": 113,
      "target": 114,
      "value": 1
    },
    {
      "source": 113,
      "target": 115,
      "value": 1
    },
    {
      "source": 113,
      "target": 116,
      "value": 1
    },
    {
      "source": 113,
      "target": 117,
      "value": 1
    },
    {
      "source": 118,
      "target": 119,
      "value": 1
    },
    {
      "source": 120,
      "target": 65,
      "value": 1
    },
    {
      "source": 120,
      "target": 88,
      "value": 3
    },
    {
      "source": 120,
      "target": 121,
      "value": 5
    },
    {
      "source": 120,
      "target": 122,
      "value": 1
    },
    {
      "source": 123,
      "target": 124,
      "value": 3
    },
    {
      "source": 125,
      "target": 126,
      "value": 1
    },
    {
      "source": 127,
      "target": 128,
      "value": 1
    },
    {
      "source": 127,
      "target": 129,
      "value": 1
    },
    {
      "source": 127,
      "target": 130,
      "value": 1
    },
    {
      "source": 127,
      "target": 131,
      "value": 2
    },
    {
      "source": 127,
      "target": 1,
      "value": 1
    },
    {
      "source": 127,
      "target": 132,
      "value": 1
    },
    {
      "source": 127,
      "target": 133,
      "value": 1
    },
    {
      "source": 127,
      "target": 134,
      "value": 1
    },
    {
      "source": 127,
      "target": 135,
      "value": 1
    },
    {
      "source": 127,
      "target": 29,
      "value": 2
    },
    {
      "source": 127,
      "target": 136,
      "value": 1
    },
    {
      "source": 137,
      "target": 138,
      "value": 7
    },
    {
      "source": 139,
      "target": 140,
      "value": 5
    },
    {
      "source": 139,
      "target": 141,
      "value": 2
    },
    {
      "source": 139,
      "target": 142,
      "value": 1
    },
    {
      "source": 139,
      "target": 143,
      "value": 1
    },
    {
      "source": 139,
      "target": 144,
      "value": 3
    },
    {
      "source": 139,
      "target": 145,
      "value": 2
    },
    {
      "source": 146,
      "target": 7,
      "value": 1
    },
    {
      "source": 146,
      "target": 147,
      "value": 2
    },
    {
      "source": 146,
      "target": 148,
      "value": 1
    },
    {
      "source": 146,
      "target": 1,
      "value": 6
    },
    {
      "source": 146,
      "target": 149,
      "value": 1
    },
    {
      "source": 146,
      "target": 150,
      "value": 1
    },
    {
      "source": 146,
      "target": 49,
      "value": 1
    },
    {
      "source": 146,
      "target": 151,
      "value": 1
    },
    {
      "source": 146,
      "target": 152,
      "value": 11
    },
    {
      "source": 153,
      "target": 154,
      "value": 2
    },
    {
      "source": 155,
      "target": 7,
      "value": 1
    },
    {
      "source": 155,
      "target": 63,
      "value": 2
    },
    {
      "source": 155,
      "target": 156,
      "value": 1
    },
    {
      "source": 155,
      "target": 157,
      "value": 1
    },
    {
      "source": 155,
      "target": 64,
      "value": 10
    },
    {
      "source": 155,
      "target": 158,
      "value": 2
    },
    {
      "source": 155,
      "target": 159,
      "value": 1
    },
    {
      "source": 155,
      "target": 160,
      "value": 1
    },
    {
      "source": 155,
      "target": 161,
      "value": 1
    },
    {
      "source": 155,
      "target": 162,
      "value": 1
    },
    {
      "source": 155,
      "target": 34,
      "value": 19
    },
    {
      "source": 155,
      "target": 163,
      "value": 1
    },
    {
      "source": 155,
      "target": 66,
      "value": 10
    },
    {
      "source": 155,
      "target": 164,
      "value": 53
    },
    {
      "source": 155,
      "target": 67,
      "value": 5
    },
    {
      "source": 155,
      "target": 165,
      "value": 5
    },
    {
      "source": 155,
      "target": 166,
      "value": 1
    },
    {
      "source": 155,
      "target": 167,
      "value": 1
    },
    {
      "source": 155,
      "target": 168,
      "value": 1
    },
    {
      "source": 155,
      "target": 169,
      "value": 1
    },
    {
      "source": 155,
      "target": 170,
      "value": 6
    },
    {
      "source": 155,
      "target": 171,
      "value": 16
    },
    {
      "source": 155,
      "target": 13,
      "value": 7
    },
    {
      "source": 155,
      "target": 28,
      "value": 8
    },
    {
      "source": 155,
      "target": 172,
      "value": 10
    },
    {
      "source": 155,
      "target": 39,
      "value": 246
    },
    {
      "source": 155,
      "target": 173,
      "value": 45
    },
    {
      "source": 155,
      "target": 174,
      "value": 1
    },
    {
      "source": 155,
      "target": 175,
      "value": 27
    },
    {
      "source": 155,
      "target": 176,
      "value": 2
    },
    {
      "source": 155,
      "target": 177,
      "value": 1
    },
    {
      "source": 155,
      "target": 82,
      "value": 12
    },
    {
      "source": 155,
      "target": 178,
      "value": 1
    },
    {
      "source": 155,
      "target": 179,
      "value": 1
    },
    {
      "source": 155,
      "target": 180,
      "value": 3
    },
    {
      "source": 155,
      "target": 84,
      "value": 81
    },
    {
      "source": 155,
      "target": 181,
      "value": 1
    },
    {
      "source": 155,
      "target": 86,
      "value": 20
    },
    {
      "source": 155,
      "target": 44,
      "value": 4
    },
    {
      "source": 155,
      "target": 182,
      "value": 23
    },
    {
      "source": 155,
      "target": 88,
      "value": 13
    },
    {
      "source": 155,
      "target": 89,
      "value": 21
    },
    {
      "source": 155,
      "target": 183,
      "value": 6
    },
    {
      "source": 155,
      "target": 184,
      "value": 1
    },
    {
      "source": 155,
      "target": 185,
      "value": 1
    },
    {
      "source": 155,
      "target": 49,
      "value": 2
    },
    {
      "source": 155,
      "target": 186,
      "value": 2
    },
    {
      "source": 155,
      "target": 187,
      "value": 2
    },
    {
      "source": 155,
      "target": 188,
      "value": 6
    },
    {
      "source": 155,
      "target": 189,
      "value": 3
    },
    {
      "source": 155,
      "target": 190,
      "value": 1
    },
    {
      "source": 155,
      "target": 50,
      "value": 41
    },
    {
      "source": 155,
      "target": 191,
      "value": 2
    },
    {
      "source": 155,
      "target": 192,
      "value": 2
    },
    {
      "source": 155,
      "target": 193,
      "value": 35
    },
    {
      "source": 155,
      "target": 95,
      "value": 2
    },
    {
      "source": 155,
      "target": 194,
      "value": 2
    },
    {
      "source": 155,
      "target": 195,
      "value": 2
    },
    {
      "source": 155,
      "target": 56,
      "value": 58
    },
    {
      "source": 155,
      "target": 196,
      "value": 1
    },
    {
      "source": 155,
      "target": 197,
      "value": 1
    },
    {
      "source": 155,
      "target": 57,
      "value": 2
    },
    {
      "source": 155,
      "target": 58,
      "value": 6
    },
    {
      "source": 155,
      "target": 96,
      "value": 22
    },
    {
      "source": 155,
      "target": 198,
      "value": 1
    },
    {
      "source": 155,
      "target": 97,
      "value": 11
    },
    {
      "source": 155,
      "target": 199,
      "value": 2
    },
    {
      "source": 155,
      "target": 200,
      "value": 3
    },
    {
      "source": 155,
      "target": 152,
      "value": 2
    },
    {
      "source": 155,
      "target": 201,
      "value": 8
    },
    {
      "source": 155,
      "target": 202,
      "value": 4
    },
    {
      "source": 155,
      "target": 61,
      "value": 14
    },
    {
      "source": 203,
      "target": 204,
      "value": 6
    },
    {
      "source": 203,
      "target": 205,
      "value": 1
    },
    {
      "source": 203,
      "target": 155,
      "value": 1
    },
    {
      "source": 203,
      "target": 206,
      "value": 5
    },
    {
      "source": 203,
      "target": 28,
      "value": 1
    },
    {
      "source": 203,
      "target": 207,
      "value": 1
    },
    {
      "source": 203,
      "target": 208,
      "value": 1
    },
    {
      "source": 203,
      "target": 114,
      "value": 1
    },
    {
      "source": 203,
      "target": 142,
      "value": 2
    },
    {
      "source": 203,
      "target": 209,
      "value": 1
    },
    {
      "source": 203,
      "target": 43,
      "value": 4
    },
    {
      "source": 203,
      "target": 74,
      "value": 1
    },
    {
      "source": 203,
      "target": 210,
      "value": 1
    },
    {
      "source": 203,
      "target": 211,
      "value": 1
    },
    {
      "source": 203,
      "target": 212,
      "value": 1
    },
    {
      "source": 203,
      "target": 213,
      "value": 1
    },
    {
      "source": 203,
      "target": 214,
      "value": 1
    },
    {
      "source": 203,
      "target": 215,
      "value": 1
    },
    {
      "source": 203,
      "target": 96,
      "value": 1
    },
    {
      "source": 203,
      "target": 216,
      "value": 1
    },
    {
      "source": 203,
      "target": 138,
      "value": 1
    },
    {
      "source": 203,
      "target": 61,
      "value": 1
    },
    {
      "source": 217,
      "target": 7,
      "value": 6
    },
    {
      "source": 217,
      "target": 218,
      "value": 1
    },
    {
      "source": 217,
      "target": 63,
      "value": 10
    },
    {
      "source": 217,
      "target": 219,
      "value": 1
    },
    {
      "source": 217,
      "target": 220,
      "value": 1
    },
    {
      "source": 217,
      "target": 221,
      "value": 2
    },
    {
      "source": 217,
      "target": 26,
      "value": 2
    },
    {
      "source": 217,
      "target": 222,
      "value": 1
    },
    {
      "source": 217,
      "target": 66,
      "value": 18
    },
    {
      "source": 217,
      "target": 223,
      "value": 15
    },
    {
      "source": 217,
      "target": 224,
      "value": 1
    },
    {
      "source": 217,
      "target": 225,
      "value": 5
    },
    {
      "source": 217,
      "target": 72,
      "value": 3
    },
    {
      "source": 217,
      "target": 106,
      "value": 35
    },
    {
      "source": 217,
      "target": 165,
      "value": 4
    },
    {
      "source": 217,
      "target": 27,
      "value": 5
    },
    {
      "source": 217,
      "target": 36,
      "value": 1
    },
    {
      "source": 217,
      "target": 226,
      "value": 2
    },
    {
      "source": 217,
      "target": 227,
      "value": 1
    },
    {
      "source": 217,
      "target": 228,
      "value": 4
    },
    {
      "source": 217,
      "target": 229,
      "value": 1
    },
    {
      "source": 217,
      "target": 230,
      "value": 3
    },
    {
      "source": 217,
      "target": 13,
      "value": 2
    },
    {
      "source": 217,
      "target": 231,
      "value": 1
    },
    {
      "source": 217,
      "target": 232,
      "value": 85
    },
    {
      "source": 217,
      "target": 39,
      "value": 7
    },
    {
      "source": 217,
      "target": 233,
      "value": 1
    },
    {
      "source": 217,
      "target": 234,
      "value": 1
    },
    {
      "source": 217,
      "target": 235,
      "value": 1
    },
    {
      "source": 217,
      "target": 236,
      "value": 1
    },
    {
      "source": 217,
      "target": 177,
      "value": 7
    },
    {
      "source": 217,
      "target": 237,
      "value": 7
    },
    {
      "source": 217,
      "target": 238,
      "value": 2
    },
    {
      "source": 217,
      "target": 239,
      "value": 2
    },
    {
      "source": 217,
      "target": 240,
      "value": 1
    },
    {
      "source": 217,
      "target": 241,
      "value": 1
    },
    {
      "source": 217,
      "target": 41,
      "value": 1
    },
    {
      "source": 217,
      "target": 84,
      "value": 1
    },
    {
      "source": 217,
      "target": 242,
      "value": 1
    },
    {
      "source": 217,
      "target": 86,
      "value": 19
    },
    {
      "source": 217,
      "target": 87,
      "value": 2
    },
    {
      "source": 217,
      "target": 243,
      "value": 1
    },
    {
      "source": 217,
      "target": 44,
      "value": 72
    },
    {
      "source": 217,
      "target": 244,
      "value": 1
    },
    {
      "source": 217,
      "target": 88,
      "value": 81
    },
    {
      "source": 217,
      "target": 245,
      "value": 1
    },
    {
      "source": 217,
      "target": 48,
      "value": 4
    },
    {
      "source": 217,
      "target": 89,
      "value": 6
    },
    {
      "source": 217,
      "target": 246,
      "value": 11
    },
    {
      "source": 217,
      "target": 247,
      "value": 11
    },
    {
      "source": 217,
      "target": 186,
      "value": 1
    },
    {
      "source": 217,
      "target": 248,
      "value": 1
    },
    {
      "source": 217,
      "target": 188,
      "value": 17
    },
    {
      "source": 217,
      "target": 249,
      "value": 1
    },
    {
      "source": 217,
      "target": 250,
      "value": 2
    },
    {
      "source": 217,
      "target": 251,
      "value": 2
    },
    {
      "source": 217,
      "target": 252,
      "value": 7
    },
    {
      "source": 217,
      "target": 253,
      "value": 1
    },
    {
      "source": 217,
      "target": 254,
      "value": 1
    },
    {
      "source": 217,
      "target": 52,
      "value": 2
    },
    {
      "source": 217,
      "target": 214,
      "value": 1
    },
    {
      "source": 217,
      "target": 255,
      "value": 1
    },
    {
      "source": 217,
      "target": 193,
      "value": 2
    },
    {
      "source": 217,
      "target": 256,
      "value": 7
    },
    {
      "source": 217,
      "target": 102,
      "value": 5
    },
    {
      "source": 217,
      "target": 257,
      "value": 4
    },
    {
      "source": 217,
      "target": 109,
      "value": 3
    },
    {
      "source": 217,
      "target": 194,
      "value": 2
    },
    {
      "source": 217,
      "target": 258,
      "value": 1
    },
    {
      "source": 217,
      "target": 259,
      "value": 1
    },
    {
      "source": 217,
      "target": 260,
      "value": 1
    },
    {
      "source": 217,
      "target": 56,
      "value": 106
    },
    {
      "source": 217,
      "target": 261,
      "value": 1
    },
    {
      "source": 217,
      "target": 96,
      "value": 132
    },
    {
      "source": 217,
      "target": 262,
      "value": 1
    },
    {
      "source": 217,
      "target": 263,
      "value": 1
    },
    {
      "source": 217,
      "target": 103,
      "value": 1
    },
    {
      "source": 217,
      "target": 121,
      "value": 7
    },
    {
      "source": 217,
      "target": 264,
      "value": 1
    },
    {
      "source": 217,
      "target": 152,
      "value": 2
    },
    {
      "source": 217,
      "target": 201,
      "value": 6
    },
    {
      "source": 217,
      "target": 265,
      "value": 2
    },
    {
      "source": 217,
      "target": 61,
      "value": 9
    },
    {
      "source": 217,
      "target": 266,
      "value": 1
    },
    {
      "source": 217,
      "target": 267,
      "value": 7
    },
    {
      "source": 217,
      "target": 268,
      "value": 1
    },
    {
      "source": 269,
      "target": 270,
      "value": 1
    },
    {
      "source": 269,
      "target": 271,
      "value": 2
    },
    {
      "source": 269,
      "target": 272,
      "value": 1
    },
    {
      "source": 269,
      "target": 273,
      "value": 5
    },
    {
      "source": 269,
      "target": 274,
      "value": 1
    },
    {
      "source": 269,
      "target": 275,
      "value": 2
    },
    {
      "source": 269,
      "target": 276,
      "value": 4
    },
    {
      "source": 269,
      "target": 102,
      "value": 2
    },
    {
      "source": 269,
      "target": 277,
      "value": 1
    },
    {
      "source": 269,
      "target": 278,
      "value": 1
    },
    {
      "source": 140,
      "target": 197,
      "value": 2
    },
    {
      "source": 140,
      "target": 279,
      "value": 7
    },
    {
      "source": 280,
      "target": 58,
      "value": 1
    },
    {
      "source": 12,
      "target": 281,
      "value": 1
    },
    {
      "source": 12,
      "target": 155,
      "value": 3
    },
    {
      "source": 12,
      "target": 282,
      "value": 1
    },
    {
      "source": 283,
      "target": 193,
      "value": 2
    },
    {
      "source": 284,
      "target": 285,
      "value": 1
    },
    {
      "source": 286,
      "target": 99,
      "value": 1
    },
    {
      "source": 286,
      "target": 287,
      "value": 1
    },
    {
      "source": 286,
      "target": 288,
      "value": 1
    },
    {
      "source": 286,
      "target": 1,
      "value": 9
    },
    {
      "source": 286,
      "target": 289,
      "value": 3
    },
    {
      "source": 286,
      "target": 143,
      "value": 3
    },
    {
      "source": 286,
      "target": 290,
      "value": 2
    },
    {
      "source": 286,
      "target": 216,
      "value": 3
    },
    {
      "source": 286,
      "target": 291,
      "value": 1
    },
    {
      "source": 292,
      "target": 293,
      "value": 1
    },
    {
      "source": 294,
      "target": 295,
      "value": 2
    },
    {
      "source": 296,
      "target": 96,
      "value": 2
    },
    {
      "source": 154,
      "target": 7,
      "value": 1
    },
    {
      "source": 154,
      "target": 10,
      "value": 1
    },
    {
      "source": 154,
      "target": 297,
      "value": 1
    },
    {
      "source": 154,
      "target": 87,
      "value": 2
    },
    {
      "source": 154,
      "target": 298,
      "value": 1
    },
    {
      "source": 299,
      "target": 64,
      "value": 7
    },
    {
      "source": 299,
      "target": 66,
      "value": 1
    },
    {
      "source": 299,
      "target": 39,
      "value": 1
    },
    {
      "source": 299,
      "target": 84,
      "value": 1
    },
    {
      "source": 299,
      "target": 188,
      "value": 4
    },
    {
      "source": 299,
      "target": 300,
      "value": 1
    },
    {
      "source": 301,
      "target": 302,
      "value": 1
    },
    {
      "source": 303,
      "target": 304,
      "value": 1
    },
    {
      "source": 305,
      "target": 62,
      "value": 1
    },
    {
      "source": 305,
      "target": 306,
      "value": 2
    },
    {
      "source": 305,
      "target": 269,
      "value": 5
    },
    {
      "source": 305,
      "target": 150,
      "value": 1
    },
    {
      "source": 307,
      "target": 308,
      "value": 4
    },
    {
      "source": 307,
      "target": 164,
      "value": 3
    },
    {
      "source": 307,
      "target": 76,
      "value": 33
    },
    {
      "source": 307,
      "target": 167,
      "value": 1
    },
    {
      "source": 307,
      "target": 309,
      "value": 3
    },
    {
      "source": 307,
      "target": 39,
      "value": 3
    },
    {
      "source": 307,
      "target": 310,
      "value": 9
    },
    {
      "source": 307,
      "target": 311,
      "value": 6
    },
    {
      "source": 307,
      "target": 312,
      "value": 6
    },
    {
      "source": 307,
      "target": 92,
      "value": 4
    },
    {
      "source": 307,
      "target": 313,
      "value": 1
    },
    {
      "source": 307,
      "target": 314,
      "value": 1
    },
    {
      "source": 307,
      "target": 315,
      "value": 2
    },
    {
      "source": 307,
      "target": 316,
      "value": 1
    },
    {
      "source": 307,
      "target": 201,
      "value": 2
    },
    {
      "source": 307,
      "target": 61,
      "value": 3
    },
    {
      "source": 317,
      "target": 318,
      "value": 3
    },
    {
      "source": 319,
      "target": 18,
      "value": 1
    },
    {
      "source": 319,
      "target": 278,
      "value": 1
    },
    {
      "source": 320,
      "target": 321,
      "value": 1
    },
    {
      "source": 322,
      "target": 142,
      "value": 1
    },
    {
      "source": 322,
      "target": 216,
      "value": 1
    },
    {
      "source": 323,
      "target": 324,
      "value": 4
    },
    {
      "source": 325,
      "target": 26,
      "value": 2
    },
    {
      "source": 325,
      "target": 326,
      "value": 16
    },
    {
      "source": 325,
      "target": 327,
      "value": 3
    },
    {
      "source": 325,
      "target": 328,
      "value": 1
    },
    {
      "source": 325,
      "target": 329,
      "value": 1
    },
    {
      "source": 325,
      "target": 330,
      "value": 1
    },
    {
      "source": 325,
      "target": 331,
      "value": 1
    },
    {
      "source": 325,
      "target": 193,
      "value": 3
    },
    {
      "source": 325,
      "target": 58,
      "value": 11
    },
    {
      "source": 332,
      "target": 62,
      "value": 1
    },
    {
      "source": 332,
      "target": 333,
      "value": 1
    },
    {
      "source": 332,
      "target": 334,
      "value": 1
    },
    {
      "source": 332,
      "target": 18,
      "value": 3
    },
    {
      "source": 332,
      "target": 335,
      "value": 3
    },
    {
      "source": 336,
      "target": 337,
      "value": 2
    },
    {
      "source": 336,
      "target": 28,
      "value": 2
    },
    {
      "source": 336,
      "target": 1,
      "value": 1
    },
    {
      "source": 336,
      "target": 18,
      "value": 2
    },
    {
      "source": 336,
      "target": 338,
      "value": 2
    },
    {
      "source": 336,
      "target": 252,
      "value": 1
    },
    {
      "source": 336,
      "target": 138,
      "value": 1
    },
    {
      "source": 339,
      "target": 340,
      "value": 1
    },
    {
      "source": 339,
      "target": 84,
      "value": 1
    },
    {
      "source": 339,
      "target": 341,
      "value": 1
    },
    {
      "source": 333,
      "target": 28,
      "value": 3
    },
    {
      "source": 342,
      "target": 343,
      "value": 2
    },
    {
      "source": 342,
      "target": 344,
      "value": 1
    },
    {
      "source": 345,
      "target": 346,
      "value": 1
    },
    {
      "source": 347,
      "target": 348,
      "value": 1
    },
    {
      "source": 347,
      "target": 197,
      "value": 1
    },
    {
      "source": 347,
      "target": 349,
      "value": 1
    },
    {
      "source": 350,
      "target": 142,
      "value": 3
    },
    {
      "source": 351,
      "target": 352,
      "value": 1
    },
    {
      "source": 351,
      "target": 353,
      "value": 2
    },
    {
      "source": 351,
      "target": 354,
      "value": 1
    },
    {
      "source": 351,
      "target": 355,
      "value": 1
    },
    {
      "source": 351,
      "target": 356,
      "value": 1
    },
    {
      "source": 351,
      "target": 357,
      "value": 2
    },
    {
      "source": 351,
      "target": 358,
      "value": 1
    },
    {
      "source": 351,
      "target": 359,
      "value": 1
    },
    {
      "source": 351,
      "target": 151,
      "value": 1
    },
    {
      "source": 351,
      "target": 360,
      "value": 1
    },
    {
      "source": 149,
      "target": 361,
      "value": 1
    },
    {
      "source": 149,
      "target": 65,
      "value": 2
    },
    {
      "source": 149,
      "target": 362,
      "value": 1
    },
    {
      "source": 149,
      "target": 86,
      "value": 1
    },
    {
      "source": 149,
      "target": 363,
      "value": 1
    },
    {
      "source": 149,
      "target": 88,
      "value": 1
    },
    {
      "source": 149,
      "target": 364,
      "value": 1
    },
    {
      "source": 149,
      "target": 56,
      "value": 1
    },
    {
      "source": 149,
      "target": 365,
      "value": 1
    },
    {
      "source": 149,
      "target": 103,
      "value": 4
    },
    {
      "source": 366,
      "target": 114,
      "value": 1
    },
    {
      "source": 367,
      "target": 368,
      "value": 1
    },
    {
      "source": 369,
      "target": 370,
      "value": 1
    },
    {
      "source": 371,
      "target": 372,
      "value": 1
    },
    {
      "source": 371,
      "target": 232,
      "value": 2
    },
    {
      "source": 371,
      "target": 373,
      "value": 1
    },
    {
      "source": 371,
      "target": 45,
      "value": 2
    },
    {
      "source": 371,
      "target": 247,
      "value": 6
    },
    {
      "source": 374,
      "target": 96,
      "value": 1
    },
    {
      "source": 150,
      "target": 7,
      "value": 43
    },
    {
      "source": 150,
      "target": 375,
      "value": 1
    },
    {
      "source": 150,
      "target": 376,
      "value": 1
    },
    {
      "source": 150,
      "target": 34,
      "value": 2
    },
    {
      "source": 150,
      "target": 223,
      "value": 2
    },
    {
      "source": 150,
      "target": 106,
      "value": 1
    },
    {
      "source": 150,
      "target": 377,
      "value": 15
    },
    {
      "source": 150,
      "target": 378,
      "value": 1
    },
    {
      "source": 150,
      "target": 228,
      "value": 4
    },
    {
      "source": 150,
      "target": 230,
      "value": 1
    },
    {
      "source": 150,
      "target": 28,
      "value": 1
    },
    {
      "source": 150,
      "target": 379,
      "value": 1
    },
    {
      "source": 150,
      "target": 380,
      "value": 1
    },
    {
      "source": 150,
      "target": 240,
      "value": 2
    },
    {
      "source": 150,
      "target": 132,
      "value": 2
    },
    {
      "source": 150,
      "target": 381,
      "value": 1
    },
    {
      "source": 150,
      "target": 382,
      "value": 1
    },
    {
      "source": 150,
      "target": 18,
      "value": 2
    },
    {
      "source": 150,
      "target": 19,
      "value": 2
    },
    {
      "source": 150,
      "target": 383,
      "value": 1
    },
    {
      "source": 150,
      "target": 188,
      "value": 1
    },
    {
      "source": 150,
      "target": 252,
      "value": 2
    },
    {
      "source": 150,
      "target": 384,
      "value": 1
    },
    {
      "source": 150,
      "target": 56,
      "value": 20
    },
    {
      "source": 150,
      "target": 197,
      "value": 3
    },
    {
      "source": 150,
      "target": 385,
      "value": 1
    },
    {
      "source": 150,
      "target": 58,
      "value": 1
    },
    {
      "source": 150,
      "target": 262,
      "value": 2
    },
    {
      "source": 150,
      "target": 386,
      "value": 2
    },
    {
      "source": 150,
      "target": 61,
      "value": 1
    },
    {
      "source": 387,
      "target": 39,
      "value": 3
    },
    {
      "source": 387,
      "target": 43,
      "value": 2
    },
    {
      "source": 387,
      "target": 212,
      "value": 1
    },
    {
      "source": 388,
      "target": 389,
      "value": 1
    },
    {
      "source": 388,
      "target": 359,
      "value": 1
    },
    {
      "source": 143,
      "target": 390,
      "value": 1
    },
    {
      "source": 143,
      "target": 391,
      "value": 3
    },
    {
      "source": 143,
      "target": 392,
      "value": 1
    },
    {
      "source": 143,
      "target": 26,
      "value": 4
    },
    {
      "source": 143,
      "target": 393,
      "value": 1
    },
    {
      "source": 143,
      "target": 10,
      "value": 2
    },
    {
      "source": 143,
      "target": 394,
      "value": 1
    },
    {
      "source": 143,
      "target": 395,
      "value": 2
    },
    {
      "source": 143,
      "target": 28,
      "value": 1
    },
    {
      "source": 143,
      "target": 39,
      "value": 1
    },
    {
      "source": 143,
      "target": 396,
      "value": 1
    },
    {
      "source": 143,
      "target": 397,
      "value": 1
    },
    {
      "source": 143,
      "target": 87,
      "value": 1
    },
    {
      "source": 143,
      "target": 88,
      "value": 1
    },
    {
      "source": 143,
      "target": 89,
      "value": 2
    },
    {
      "source": 143,
      "target": 398,
      "value": 1
    },
    {
      "source": 143,
      "target": 214,
      "value": 2
    },
    {
      "source": 143,
      "target": 56,
      "value": 4
    },
    {
      "source": 143,
      "target": 96,
      "value": 1
    },
    {
      "source": 143,
      "target": 121,
      "value": 1
    },
    {
      "source": 143,
      "target": 61,
      "value": 1
    },
    {
      "source": 116,
      "target": 7,
      "value": 2
    },
    {
      "source": 116,
      "target": 8,
      "value": 1
    },
    {
      "source": 116,
      "target": 33,
      "value": 4
    },
    {
      "source": 116,
      "target": 399,
      "value": 1
    },
    {
      "source": 116,
      "target": 66,
      "value": 4
    },
    {
      "source": 116,
      "target": 400,
      "value": 1
    },
    {
      "source": 116,
      "target": 337,
      "value": 1
    },
    {
      "source": 116,
      "target": 401,
      "value": 1
    },
    {
      "source": 116,
      "target": 76,
      "value": 2
    },
    {
      "source": 116,
      "target": 13,
      "value": 1
    },
    {
      "source": 116,
      "target": 402,
      "value": 2
    },
    {
      "source": 116,
      "target": 232,
      "value": 1
    },
    {
      "source": 116,
      "target": 172,
      "value": 1
    },
    {
      "source": 116,
      "target": 39,
      "value": 25
    },
    {
      "source": 116,
      "target": 403,
      "value": 1
    },
    {
      "source": 116,
      "target": 380,
      "value": 1
    },
    {
      "source": 116,
      "target": 86,
      "value": 1
    },
    {
      "source": 116,
      "target": 87,
      "value": 3
    },
    {
      "source": 116,
      "target": 45,
      "value": 1
    },
    {
      "source": 116,
      "target": 89,
      "value": 1
    },
    {
      "source": 116,
      "target": 404,
      "value": 1
    },
    {
      "source": 116,
      "target": 49,
      "value": 9
    },
    {
      "source": 116,
      "target": 188,
      "value": 1
    },
    {
      "source": 116,
      "target": 52,
      "value": 22
    },
    {
      "source": 116,
      "target": 405,
      "value": 1
    },
    {
      "source": 116,
      "target": 193,
      "value": 1
    },
    {
      "source": 116,
      "target": 56,
      "value": 4
    },
    {
      "source": 116,
      "target": 197,
      "value": 1
    },
    {
      "source": 116,
      "target": 96,
      "value": 3
    },
    {
      "source": 116,
      "target": 97,
      "value": 5
    },
    {
      "source": 116,
      "target": 279,
      "value": 1
    },
    {
      "source": 116,
      "target": 201,
      "value": 4
    },
    {
      "source": 116,
      "target": 265,
      "value": 1
    },
    {
      "source": 406,
      "target": 369,
      "value": 1
    },
    {
      "source": 407,
      "target": 66,
      "value": 1
    },
    {
      "source": 407,
      "target": 408,
      "value": 1
    },
    {
      "source": 407,
      "target": 247,
      "value": 2
    },
    {
      "source": 407,
      "target": 409,
      "value": 1
    },
    {
      "source": 407,
      "target": 193,
      "value": 1
    },
    {
      "source": 410,
      "target": 411,
      "value": 2
    },
    {
      "source": 410,
      "target": 212,
      "value": 2
    },
    {
      "source": 410,
      "target": 52,
      "value": 1
    },
    {
      "source": 144,
      "target": 391,
      "value": 1
    },
    {
      "source": 144,
      "target": 139,
      "value": 8
    },
    {
      "source": 144,
      "target": 412,
      "value": 1
    },
    {
      "source": 357,
      "target": 7,
      "value": 1
    },
    {
      "source": 357,
      "target": 413,
      "value": 1
    },
    {
      "source": 357,
      "target": 66,
      "value": 1
    },
    {
      "source": 357,
      "target": 414,
      "value": 1
    },
    {
      "source": 357,
      "target": 415,
      "value": 1
    },
    {
      "source": 357,
      "target": 416,
      "value": 1
    },
    {
      "source": 357,
      "target": 28,
      "value": 9
    },
    {
      "source": 357,
      "target": 1,
      "value": 1
    },
    {
      "source": 357,
      "target": 417,
      "value": 1
    },
    {
      "source": 357,
      "target": 418,
      "value": 1
    },
    {
      "source": 357,
      "target": 419,
      "value": 6
    },
    {
      "source": 357,
      "target": 143,
      "value": 1
    },
    {
      "source": 357,
      "target": 90,
      "value": 1
    },
    {
      "source": 357,
      "target": 49,
      "value": 4
    },
    {
      "source": 357,
      "target": 56,
      "value": 7
    },
    {
      "source": 357,
      "target": 324,
      "value": 3
    },
    {
      "source": 357,
      "target": 420,
      "value": 1
    },
    {
      "source": 357,
      "target": 138,
      "value": 2
    },
    {
      "source": 421,
      "target": 415,
      "value": 1
    },
    {
      "source": 422,
      "target": 423,
      "value": 1
    },
    {
      "source": 424,
      "target": 425,
      "value": 1
    },
    {
      "source": 426,
      "target": 233,
      "value": 1
    },
    {
      "source": 427,
      "target": 223,
      "value": 1
    },
    {
      "source": 427,
      "target": 419,
      "value": 3
    },
    {
      "source": 428,
      "target": 113,
      "value": 1
    },
    {
      "source": 428,
      "target": 429,
      "value": 1
    },
    {
      "source": 428,
      "target": 1,
      "value": 1
    },
    {
      "source": 428,
      "target": 272,
      "value": 1
    },
    {
      "source": 428,
      "target": 430,
      "value": 1
    },
    {
      "source": 428,
      "target": 431,
      "value": 1
    },
    {
      "source": 74,
      "target": 432,
      "value": 1
    },
    {
      "source": 74,
      "target": 13,
      "value": 1
    },
    {
      "source": 74,
      "target": 88,
      "value": 1
    },
    {
      "source": 74,
      "target": 433,
      "value": 1
    },
    {
      "source": 74,
      "target": 434,
      "value": 10
    },
    {
      "source": 74,
      "target": 96,
      "value": 8
    },
    {
      "source": 435,
      "target": 149,
      "value": 1
    },
    {
      "source": 435,
      "target": 436,
      "value": 1
    },
    {
      "source": 276,
      "target": 437,
      "value": 1
    },
    {
      "source": 276,
      "target": 288,
      "value": 1
    },
    {
      "source": 276,
      "target": 269,
      "value": 2
    },
    {
      "source": 276,
      "target": 289,
      "value": 1
    },
    {
      "source": 438,
      "target": 439,
      "value": 1
    },
    {
      "source": 440,
      "target": 31,
      "value": 1
    },
    {
      "source": 440,
      "target": 441,
      "value": 1
    },
    {
      "source": 442,
      "target": 443,
      "value": 1
    },
    {
      "source": 444,
      "target": 7,
      "value": 4
    },
    {
      "source": 444,
      "target": 63,
      "value": 2
    },
    {
      "source": 444,
      "target": 445,
      "value": 1
    },
    {
      "source": 444,
      "target": 446,
      "value": 18
    },
    {
      "source": 444,
      "target": 447,
      "value": 1
    },
    {
      "source": 444,
      "target": 448,
      "value": 1
    },
    {
      "source": 444,
      "target": 64,
      "value": 18
    },
    {
      "source": 444,
      "target": 449,
      "value": 1
    },
    {
      "source": 444,
      "target": 450,
      "value": 1
    },
    {
      "source": 444,
      "target": 451,
      "value": 7
    },
    {
      "source": 444,
      "target": 65,
      "value": 4
    },
    {
      "source": 444,
      "target": 66,
      "value": 1
    },
    {
      "source": 444,
      "target": 452,
      "value": 2
    },
    {
      "source": 444,
      "target": 164,
      "value": 1
    },
    {
      "source": 444,
      "target": 453,
      "value": 1
    },
    {
      "source": 444,
      "target": 454,
      "value": 1
    },
    {
      "source": 444,
      "target": 223,
      "value": 2
    },
    {
      "source": 444,
      "target": 455,
      "value": 2
    },
    {
      "source": 444,
      "target": 456,
      "value": 1
    },
    {
      "source": 444,
      "target": 69,
      "value": 40
    },
    {
      "source": 444,
      "target": 70,
      "value": 4
    },
    {
      "source": 444,
      "target": 457,
      "value": 2
    },
    {
      "source": 444,
      "target": 225,
      "value": 7
    },
    {
      "source": 444,
      "target": 72,
      "value": 1
    },
    {
      "source": 444,
      "target": 73,
      "value": 1
    },
    {
      "source": 444,
      "target": 458,
      "value": 1
    },
    {
      "source": 444,
      "target": 106,
      "value": 1
    },
    {
      "source": 444,
      "target": 459,
      "value": 4
    },
    {
      "source": 444,
      "target": 27,
      "value": 9
    },
    {
      "source": 444,
      "target": 9,
      "value": 2
    },
    {
      "source": 444,
      "target": 75,
      "value": 1
    },
    {
      "source": 444,
      "target": 76,
      "value": 27
    },
    {
      "source": 444,
      "target": 460,
      "value": 1
    },
    {
      "source": 444,
      "target": 461,
      "value": 2
    },
    {
      "source": 444,
      "target": 230,
      "value": 2
    },
    {
      "source": 444,
      "target": 402,
      "value": 2
    },
    {
      "source": 444,
      "target": 28,
      "value": 4
    },
    {
      "source": 444,
      "target": 172,
      "value": 1
    },
    {
      "source": 444,
      "target": 39,
      "value": 72
    },
    {
      "source": 444,
      "target": 462,
      "value": 1
    },
    {
      "source": 444,
      "target": 233,
      "value": 3
    },
    {
      "source": 444,
      "target": 79,
      "value": 3
    },
    {
      "source": 444,
      "target": 177,
      "value": 1
    },
    {
      "source": 444,
      "target": 80,
      "value": 3
    },
    {
      "source": 444,
      "target": 81,
      "value": 1
    },
    {
      "source": 444,
      "target": 463,
      "value": 4
    },
    {
      "source": 444,
      "target": 82,
      "value": 4
    },
    {
      "source": 444,
      "target": 380,
      "value": 1
    },
    {
      "source": 444,
      "target": 464,
      "value": 5
    },
    {
      "source": 444,
      "target": 15,
      "value": 1
    },
    {
      "source": 444,
      "target": 84,
      "value": 17
    },
    {
      "source": 444,
      "target": 465,
      "value": 2
    },
    {
      "source": 444,
      "target": 86,
      "value": 63
    },
    {
      "source": 444,
      "target": 466,
      "value": 1
    },
    {
      "source": 444,
      "target": 45,
      "value": 2
    },
    {
      "source": 444,
      "target": 89,
      "value": 4
    },
    {
      "source": 444,
      "target": 467,
      "value": 3
    },
    {
      "source": 444,
      "target": 468,
      "value": 1
    },
    {
      "source": 444,
      "target": 469,
      "value": 2
    },
    {
      "source": 444,
      "target": 470,
      "value": 1
    },
    {
      "source": 444,
      "target": 471,
      "value": 1
    },
    {
      "source": 444,
      "target": 252,
      "value": 3
    },
    {
      "source": 444,
      "target": 472,
      "value": 2
    },
    {
      "source": 444,
      "target": 473,
      "value": 1
    },
    {
      "source": 444,
      "target": 474,
      "value": 1
    },
    {
      "source": 444,
      "target": 212,
      "value": 4
    },
    {
      "source": 444,
      "target": 92,
      "value": 3
    },
    {
      "source": 444,
      "target": 313,
      "value": 4
    },
    {
      "source": 444,
      "target": 475,
      "value": 1
    },
    {
      "source": 444,
      "target": 476,
      "value": 1
    },
    {
      "source": 444,
      "target": 192,
      "value": 1
    },
    {
      "source": 444,
      "target": 193,
      "value": 13
    },
    {
      "source": 444,
      "target": 477,
      "value": 1
    },
    {
      "source": 444,
      "target": 95,
      "value": 2
    },
    {
      "source": 444,
      "target": 478,
      "value": 1
    },
    {
      "source": 444,
      "target": 479,
      "value": 1
    },
    {
      "source": 444,
      "target": 194,
      "value": 13
    },
    {
      "source": 444,
      "target": 195,
      "value": 1
    },
    {
      "source": 444,
      "target": 56,
      "value": 55
    },
    {
      "source": 444,
      "target": 196,
      "value": 1
    },
    {
      "source": 444,
      "target": 425,
      "value": 1
    },
    {
      "source": 444,
      "target": 96,
      "value": 2
    },
    {
      "source": 444,
      "target": 111,
      "value": 11
    },
    {
      "source": 444,
      "target": 480,
      "value": 1
    },
    {
      "source": 444,
      "target": 152,
      "value": 25
    },
    {
      "source": 444,
      "target": 481,
      "value": 1
    },
    {
      "source": 444,
      "target": 201,
      "value": 1
    },
    {
      "source": 444,
      "target": 202,
      "value": 2
    },
    {
      "source": 444,
      "target": 61,
      "value": 4
    },
    {
      "source": 444,
      "target": 482,
      "value": 1
    },
    {
      "source": 359,
      "target": 393,
      "value": 2
    },
    {
      "source": 359,
      "target": 67,
      "value": 1
    },
    {
      "source": 359,
      "target": 483,
      "value": 2
    },
    {
      "source": 359,
      "target": 389,
      "value": 6
    },
    {
      "source": 359,
      "target": 76,
      "value": 1
    },
    {
      "source": 359,
      "target": 484,
      "value": 1
    },
    {
      "source": 359,
      "target": 81,
      "value": 2
    },
    {
      "source": 359,
      "target": 351,
      "value": 1
    },
    {
      "source": 359,
      "target": 485,
      "value": 5
    },
    {
      "source": 359,
      "target": 89,
      "value": 3
    },
    {
      "source": 359,
      "target": 486,
      "value": 5
    },
    {
      "source": 359,
      "target": 487,
      "value": 4
    },
    {
      "source": 359,
      "target": 476,
      "value": 5
    },
    {
      "source": 359,
      "target": 192,
      "value": 1
    },
    {
      "source": 359,
      "target": 193,
      "value": 12
    },
    {
      "source": 359,
      "target": 488,
      "value": 1
    },
    {
      "source": 359,
      "target": 479,
      "value": 2
    },
    {
      "source": 359,
      "target": 489,
      "value": 7
    },
    {
      "source": 359,
      "target": 490,
      "value": 1
    },
    {
      "source": 359,
      "target": 491,
      "value": 1
    },
    {
      "source": 492,
      "target": 493,
      "value": 1
    },
    {
      "source": 492,
      "target": 494,
      "value": 1
    },
    {
      "source": 492,
      "target": 495,
      "value": 1
    },
    {
      "source": 496,
      "target": 497,
      "value": 1
    },
    {
      "source": 496,
      "target": 498,
      "value": 2
    },
    {
      "source": 496,
      "target": 194,
      "value": 1
    },
    {
      "source": 282,
      "target": 31,
      "value": 8
    },
    {
      "source": 282,
      "target": 104,
      "value": 1
    },
    {
      "source": 282,
      "target": 113,
      "value": 1
    },
    {
      "source": 282,
      "target": 499,
      "value": 1
    },
    {
      "source": 282,
      "target": 26,
      "value": 3
    },
    {
      "source": 282,
      "target": 451,
      "value": 7
    },
    {
      "source": 282,
      "target": 155,
      "value": 4
    },
    {
      "source": 282,
      "target": 217,
      "value": 5
    },
    {
      "source": 282,
      "target": 500,
      "value": 283
    },
    {
      "source": 282,
      "target": 39,
      "value": 1
    },
    {
      "source": 282,
      "target": 501,
      "value": 1
    },
    {
      "source": 282,
      "target": 502,
      "value": 1
    },
    {
      "source": 282,
      "target": 503,
      "value": 10
    },
    {
      "source": 282,
      "target": 177,
      "value": 1
    },
    {
      "source": 282,
      "target": 114,
      "value": 1
    },
    {
      "source": 282,
      "target": 86,
      "value": 2
    },
    {
      "source": 282,
      "target": 143,
      "value": 3
    },
    {
      "source": 282,
      "target": 116,
      "value": 9
    },
    {
      "source": 282,
      "target": 89,
      "value": 1
    },
    {
      "source": 282,
      "target": 504,
      "value": 1
    },
    {
      "source": 282,
      "target": 505,
      "value": 1
    },
    {
      "source": 282,
      "target": 74,
      "value": 3
    },
    {
      "source": 282,
      "target": 506,
      "value": 1
    },
    {
      "source": 282,
      "target": 507,
      "value": 40
    },
    {
      "source": 282,
      "target": 508,
      "value": 1
    },
    {
      "source": 282,
      "target": 96,
      "value": 1
    },
    {
      "source": 282,
      "target": 111,
      "value": 2
    },
    {
      "source": 282,
      "target": 216,
      "value": 36
    },
    {
      "source": 282,
      "target": 509,
      "value": 2
    },
    {
      "source": 282,
      "target": 510,
      "value": 4
    },
    {
      "source": 511,
      "target": 512,
      "value": 2
    },
    {
      "source": 511,
      "target": 513,
      "value": 2
    },
    {
      "source": 511,
      "target": 514,
      "value": 1
    },
    {
      "source": 511,
      "target": 515,
      "value": 1
    },
    {
      "source": 511,
      "target": 1,
      "value": 5
    },
    {
      "source": 511,
      "target": 516,
      "value": 1
    },
    {
      "source": 511,
      "target": 517,
      "value": 1
    },
    {
      "source": 518,
      "target": 519,
      "value": 1
    },
    {
      "source": 518,
      "target": 513,
      "value": 1
    },
    {
      "source": 364,
      "target": 520,
      "value": 1
    },
    {
      "source": 364,
      "target": 121,
      "value": 6
    },
    {
      "source": 521,
      "target": 512,
      "value": 8
    },
    {
      "source": 521,
      "target": 137,
      "value": 3
    },
    {
      "source": 521,
      "target": 217,
      "value": 2
    },
    {
      "source": 521,
      "target": 230,
      "value": 1
    },
    {
      "source": 521,
      "target": 501,
      "value": 1
    },
    {
      "source": 521,
      "target": 1,
      "value": 1
    },
    {
      "source": 521,
      "target": 348,
      "value": 1
    },
    {
      "source": 521,
      "target": 333,
      "value": 1
    },
    {
      "source": 521,
      "target": 351,
      "value": 2
    },
    {
      "source": 521,
      "target": 522,
      "value": 1
    },
    {
      "source": 521,
      "target": 357,
      "value": 13
    },
    {
      "source": 521,
      "target": 264,
      "value": 2
    },
    {
      "source": 521,
      "target": 523,
      "value": 1
    },
    {
      "source": 508,
      "target": 524,
      "value": 1
    },
    {
      "source": 508,
      "target": 525,
      "value": 2
    },
    {
      "source": 508,
      "target": 165,
      "value": 1
    },
    {
      "source": 508,
      "target": 526,
      "value": 1
    },
    {
      "source": 508,
      "target": 527,
      "value": 2
    },
    {
      "source": 508,
      "target": 500,
      "value": 1
    },
    {
      "source": 508,
      "target": 28,
      "value": 34
    },
    {
      "source": 508,
      "target": 39,
      "value": 5
    },
    {
      "source": 508,
      "target": 528,
      "value": 1
    },
    {
      "source": 508,
      "target": 82,
      "value": 1
    },
    {
      "source": 508,
      "target": 529,
      "value": 1
    },
    {
      "source": 508,
      "target": 43,
      "value": 1
    },
    {
      "source": 508,
      "target": 88,
      "value": 1
    },
    {
      "source": 508,
      "target": 300,
      "value": 1
    },
    {
      "source": 508,
      "target": 257,
      "value": 1
    },
    {
      "source": 508,
      "target": 56,
      "value": 1
    },
    {
      "source": 508,
      "target": 530,
      "value": 1
    },
    {
      "source": 508,
      "target": 531,
      "value": 1
    },
    {
      "source": 508,
      "target": 61,
      "value": 1
    },
    {
      "source": 335,
      "target": 26,
      "value": 2
    },
    {
      "source": 335,
      "target": 451,
      "value": 2
    },
    {
      "source": 335,
      "target": 34,
      "value": 4
    },
    {
      "source": 335,
      "target": 164,
      "value": 2
    },
    {
      "source": 335,
      "target": 532,
      "value": 1
    },
    {
      "source": 335,
      "target": 155,
      "value": 1
    },
    {
      "source": 335,
      "target": 28,
      "value": 2
    },
    {
      "source": 335,
      "target": 80,
      "value": 5
    },
    {
      "source": 335,
      "target": 533,
      "value": 1
    },
    {
      "source": 335,
      "target": 87,
      "value": 1
    },
    {
      "source": 335,
      "target": 534,
      "value": 1
    },
    {
      "source": 335,
      "target": 56,
      "value": 1
    },
    {
      "source": 335,
      "target": 96,
      "value": 1
    },
    {
      "source": 335,
      "target": 535,
      "value": 1
    },
    {
      "source": 335,
      "target": 201,
      "value": 10
    },
    {
      "source": 536,
      "target": 537,
      "value": 22
    },
    {
      "source": 536,
      "target": 538,
      "value": 5
    },
    {
      "source": 539,
      "target": 540,
      "value": 2
    },
    {
      "source": 541,
      "target": 1,
      "value": 6
    },
    {
      "source": 103,
      "target": 542,
      "value": 1
    },
    {
      "source": 103,
      "target": 26,
      "value": 2
    },
    {
      "source": 103,
      "target": 13,
      "value": 5
    },
    {
      "source": 103,
      "target": 28,
      "value": 25
    },
    {
      "source": 103,
      "target": 39,
      "value": 1
    },
    {
      "source": 103,
      "target": 1,
      "value": 1
    },
    {
      "source": 103,
      "target": 543,
      "value": 8
    },
    {
      "source": 103,
      "target": 182,
      "value": 1
    },
    {
      "source": 103,
      "target": 398,
      "value": 1
    },
    {
      "source": 103,
      "target": 56,
      "value": 4
    },
    {
      "source": 103,
      "target": 96,
      "value": 11
    },
    {
      "source": 544,
      "target": 545,
      "value": 2
    },
    {
      "source": 544,
      "target": 546,
      "value": 1
    },
    {
      "source": 216,
      "target": 451,
      "value": 2
    },
    {
      "source": 216,
      "target": 165,
      "value": 7
    },
    {
      "source": 216,
      "target": 547,
      "value": 1
    },
    {
      "source": 216,
      "target": 13,
      "value": 3
    },
    {
      "source": 216,
      "target": 28,
      "value": 43
    },
    {
      "source": 216,
      "target": 39,
      "value": 2
    },
    {
      "source": 216,
      "target": 543,
      "value": 1
    },
    {
      "source": 216,
      "target": 82,
      "value": 2
    },
    {
      "source": 216,
      "target": 548,
      "value": 1
    },
    {
      "source": 216,
      "target": 132,
      "value": 1
    },
    {
      "source": 216,
      "target": 44,
      "value": 28
    },
    {
      "source": 216,
      "target": 88,
      "value": 1
    },
    {
      "source": 216,
      "target": 89,
      "value": 1
    },
    {
      "source": 216,
      "target": 434,
      "value": 1
    },
    {
      "source": 216,
      "target": 300,
      "value": 1
    },
    {
      "source": 216,
      "target": 52,
      "value": 2
    },
    {
      "source": 216,
      "target": 431,
      "value": 1
    },
    {
      "source": 216,
      "target": 214,
      "value": 4
    },
    {
      "source": 216,
      "target": 549,
      "value": 1
    },
    {
      "source": 216,
      "target": 257,
      "value": 1
    },
    {
      "source": 216,
      "target": 56,
      "value": 2
    },
    {
      "source": 216,
      "target": 103,
      "value": 1
    },
    {
      "source": 550,
      "target": 551,
      "value": 1
    },
    {
      "source": 552,
      "target": 553,
      "value": 1
    },
    {
      "source": 552,
      "target": 554,
      "value": 1
    },
    {
      "source": 555,
      "target": 556,
      "value": 1
    },
    {
      "source": 557,
      "target": 306,
      "value": 1
    },
    {
      "source": 557,
      "target": 18,
      "value": 1
    },
    {
      "source": 558,
      "target": 410,
      "value": 1
    },
    {
      "source": 558,
      "target": 22,
      "value": 3
    },
    {
      "source": 559,
      "target": 31,
      "value": 2
    },
    {
      "source": 559,
      "target": 217,
      "value": 1
    },
    {
      "source": 560,
      "target": 513,
      "value": 2
    },
    {
      "source": 561,
      "target": 304,
      "value": 1
    },
    {
      "source": 562,
      "target": 39,
      "value": 1
    },
    {
      "source": 562,
      "target": 86,
      "value": 13
    }
  ]
}