{
  "nodes": [
    {
      "group": 12,
      "name": "Harry_Jones"
    },
    {
      "group": 12,
      "name": "Olga_Hobbs"
    },
    {
      "group": 12,
      "name": "Michael_Denton"
    },
    {
      "group": 12,
      "name": "Henry_Jaworski"
    },
    {
      "group": 12,
      "name": "Melanie_Millerd"
    },
    {
      "group": 12,
      "name": "Mollie_Warner"
    },
    {
      "group": 12,
      "name": "Chrystal_Ramirez"
    },
    {
      "group": 12,
      "name": "Gail_Hackler"
    },
    {
      "group": 12,
      "name": "Ann_Walton"
    },
    {
      "group": 12,
      "name": "Jody_Cravens"
    },
    {
      "group": 12,
      "name": "William_Rice"
    },
    {
      "group": 12,
      "name": "Lori_Mensalvas"
    },
    {
      "group": 12,
      "name": "Albert_Philbeck"
    },
    {
      "group": 12,
      "name": "Dorothy_Melton"
    },
    {
      "group": 12,
      "name": "Andrew_Speed"
    },
    {
      "group": 12,
      "name": "Rene_Norwood"
    },
    {
      "group": 12,
      "name": "Caroline_Rodriguez"
    },
    {
      "group": 12,
      "name": "Dale_Mason"
    },
    {
      "group": 12,
      "name": "Gregory_Peterson"
    },
    {
      "group": 12,
      "name": "Lori_Farris"
    },
    {
      "group": 12,
      "name": "Jacqueline_Lehnertz"
    },
    {
      "group": 12,
      "name": "Maria_Marschke"
    },
    {
      "group": 12,
      "name": "Frances_Calleja"
    },
    {
      "group": 12,
      "name": "Marvin_Ryan"
    },
    {
      "group": 12,
      "name": "Regina_Dandrea"
    },
    {
      "group": 12,
      "name": "Shirlene_Ewing"
    },
    {
      "group": 12,
      "name": "Linda_Westerheide"
    },
    {
      "group": 12,
      "name": "Diane_Irwin"
    },
    {
      "group": 12,
      "name": "Mark_Stevens"
    },
    {
      "group": 12,
      "name": "Ellen_Green"
    },
    {
      "group": 12,
      "name": "Lupe_Harmon"
    },
    {
      "group": 12,
      "name": "Doris_Abel"
    },
    {
      "group": 12,
      "name": "Amy_Stewart"
    },
    {
      "group": 12,
      "name": "Marissa_Laws"
    },
    {
      "group": 12,
      "name": "Vanessa_Burroughs"
    },
    {
      "group": 12,
      "name": "Sandra_Lott"
    },
    {
      "group": 12,
      "name": "Donald_Garcia"
    },
    {
      "group": 12,
      "name": "Virginia_Spivey"
    },
    {
      "group": 12,
      "name": "Teresa_Gallahan"
    },
    {
      "group": 12,
      "name": "Michael_Mcneil"
    },
    {
      "group": 12,
      "name": "Kimberly_Mitchell"
    },
    {
      "group": 12,
      "name": "Brian_Nemoede"
    },
    {
      "group": 12,
      "name": "Christine_Carpenter"
    },
    {
      "group": 12,
      "name": "Phillip_Cantave"
    },
    {
      "group": 12,
      "name": "Stanley_Rice"
    },
    {
      "group": 12,
      "name": "Chadwick_Willis"
    },
    {
      "group": 12,
      "name": "Cheryl_Wenk"
    },
    {
      "group": 12,
      "name": "Ashley_Doremus"
    },
    {
      "group": 12,
      "name": "Janice_Fletcher"
    },
    {
      "group": 12,
      "name": "Lorraine_Severson"
    },
    {
      "group": 12,
      "name": "Benjamin_Millerd"
    },
    {
      "group": 12,
      "name": "Robert_Wolley"
    },
    {
      "group": 12,
      "name": "Dustin_Morgan"
    },
    {
      "group": 12,
      "name": "Danielle_Ben"
    },
    {
      "group": 12,
      "name": "Samuel_Saldana"
    },
    {
      "group": 12,
      "name": "Julia_Hatcher"
    },
    {
      "group": 12,
      "name": "Lamont_Wall"
    },
    {
      "group": 12,
      "name": "Shelby_Patton"
    },
    {
      "group": 12,
      "name": "Billy_Delosantos"
    },
    {
      "group": 12,
      "name": "Zachary_Greco"
    },
    {
      "group": 12,
      "name": "Julio_Cline"
    },
    {
      "group": 12,
      "name": "Sarah_Little"
    },
    {
      "group": 12,
      "name": "Olivia_Dickow"
    },
    {
      "group": 12,
      "name": "Norma_Mercado"
    },
    {
      "group": 12,
      "name": "Rosie_Lacroix"
    },
    {
      "group": 12,
      "name": "Luis_Lake"
    },
    {
      "group": 12,
      "name": "Blaine_Chow"
    },
    {
      "group": 12,
      "name": "Nilsa_Simon"
    },
    {
      "group": 12,
      "name": "Geraldine_Rogers"
    },
    {
      "group": 12,
      "name": "Jeff_Reed"
    }
  ],
  "links": [
    {
      "source": 0,
      "target": 1,
      "value": 1
    },
    {
      "source": 0,
      "target": 2,
      "value": 1
    },
    {
      "source": 0,
      "target": 3,
      "value": 3
    },
    {
      "source": 0,
      "target": 4,
      "value": 2
    },
    {
      "source": 0,
      "target": 5,
      "value": 1
    },
    {
      "source": 0,
      "target": 6,
      "value": 2
    },
    {
      "source": 0,
      "target": 7,
      "value": 1
    },
    {
      "source": 0,
      "target": 8,
      "value": 1
    },
    {
      "source": 0,
      "target": 9,
      "value": 1
    },
    {
      "source": 0,
      "target": 10,
      "value": 1
    },
    {
      "source": 0,
      "target": 11,
      "value": 1
    },
    {
      "source": 0,
      "target": 12,
      "value": 1
    },
    {
      "source": 0,
      "target": 13,
      "value": 3
    },
    {
      "source": 0,
      "target": 14,
      "value": 1
    },
    {
      "source": 0,
      "target": 15,
      "value": 1
    },
    {
      "source": 0,
      "target": 16,
      "value": 3
    },
    {
      "source": 0,
      "target": 17,
      "value": 1
    },
    {
      "source": 0,
      "target": 18,
      "value": 3
    },
    {
      "source": 0,
      "target": 19,
      "value": 1
    },
    {
      "source": 0,
      "target": 20,
      "value": 8
    },
    {
      "source": 21,
      "target": 22,
      "value": 1
    },
    {
      "source": 23,
      "target": 24,
      "value": 1
    },
    {
      "source": 25,
      "target": 26,
      "value": 1
    },
    {
      "source": 27,
      "target": 28,
      "value": 3
    },
    {
      "source": 27,
      "target": 29,
      "value": 2
    },
    {
      "source": 27,
      "target": 30,
      "value": 1
    },
    {
      "source": 27,
      "target": 31,
      "value": 1
    },
    {
      "source": 27,
      "target": 32,
      "value": 2
    },
    {
      "source": 27,
      "target": 33,
      "value": 1
    },
    {
      "source": 27,
      "target": 34,
      "value": 1
    },
    {
      "source": 27,
      "target": 35,
      "value": 2
    },
    {
      "source": 27,
      "target": 36,
      "value": 8
    },
    {
      "source": 37,
      "target": 38,
      "value": 1
    },
    {
      "source": 37,
      "target": 39,
      "value": 3
    },
    {
      "source": 37,
      "target": 40,
      "value": 1
    },
    {
      "source": 37,
      "target": 41,
      "value": 8
    },
    {
      "source": 37,
      "target": 42,
      "value": 3
    },
    {
      "source": 37,
      "target": 43,
      "value": 90
    },
    {
      "source": 44,
      "target": 45,
      "value": 3
    },
    {
      "source": 46,
      "target": 47,
      "value": 1
    },
    {
      "source": 48,
      "target": 49,
      "value": 1
    },
    {
      "source": 48,
      "target": 50,
      "value": 1
    },
    {
      "source": 48,
      "target": 51,
      "value": 1
    },
    {
      "source": 52,
      "target": 53,
      "value": 1
    },
    {
      "source": 54,
      "target": 55,
      "value": 1
    },
    {
      "source": 54,
      "target": 56,
      "value": 23
    },
    {
      "source": 54,
      "target": 57,
      "value": 3
    },
    {
      "source": 54,
      "target": 58,
      "value": 3
    },
    {
      "source": 54,
      "target": 59,
      "value": 1
    },
    {
      "source": 54,
      "target": 60,
      "value": 1
    },
    {
      "source": 54,
      "target": 61,
      "value": 1
    },
    {
      "source": 54,
      "target": 62,
      "value": 1
    },
    {
      "source": 54,
      "target": 63,
      "value": 1
    },
    {
      "source": 54,
      "target": 64,
      "value": 4
    },
    {
      "source": 54,
      "target": 65,
      "value": 1
    },
    {
      "source": 54,
      "target": 66,
      "value": 6
    },
    {
      "source": 54,
      "target": 67,
      "value": 2
    },
    {
      "source": 54,
      "target": 68,
      "value": 3
    },
    {
      "source": 54,
      "target": 69,
      "value": 1
    },
    {
      "source": 28,
      "target": 10,
      "value": 4
    },
    {
      "source": 58,
      "target": 0,
      "value": 23
    },
    {
      "source": 58,
      "target": 54,
      "value": 2
    },
    {
      "source": 58,
      "target": 57,
      "value": 17
    },
    {
      "source": 58,
      "target": 61,
      "value": 15
    },
    {
      "source": 58,
      "target": 39,
      "value": 56
    },
    {
      "source": 58,
      "target": 68,
      "value": 15
    },
    {
      "source": 58,
      "target": 41,
      "value": 1
    },
    {
      "source": 61,
      "target": 57,
      "value": 1
    },
    {
      "source": 61,
      "target": 58,
      "value": 6
    },
    {
      "source": 61,
      "target": 17,
      "value": 14
    },
    {
      "source": 39,
      "target": 4,
      "value": 3
    },
    {
      "source": 39,
      "target": 11,
      "value": 3
    },
    {
      "source": 64,
      "target": 1,
      "value": 5
    },
    {
      "source": 64,
      "target": 57,
      "value": 1
    },
    {
      "source": 64,
      "target": 40,
      "value": 1
    },
    {
      "source": 41,
      "target": 37,
      "value": 6
    },
    {
      "source": 41,
      "target": 57,
      "value": 18
    },
    {
      "source": 41,
      "target": 58,
      "value": 2
    },
    {
      "source": 41,
      "target": 26,
      "value": 1
    },
    {
      "source": 41,
      "target": 17,
      "value": 44
    },
    {
      "source": 41,
      "target": 36,
      "value": 1
    },
    {
      "source": 42,
      "target": 37,
      "value": 2
    },
    {
      "source": 43,
      "target": 37,
      "value": 13
    }
  ]
}