start_t,server_id,count
40320,1,357
40320,10,97
40320,12,15
40320,13,77
40320,14,8
40320,2,5
40320,3,12
40320,4,12
40320,7,310
40320,9,1
40380,1,236
40380,10,3
40380,12,88
40380,13,44
40380,14,8
40380,2,1
40380,3,7
40380,4,38
40380,7,169
40380,9,4
40440,1,263
40440,10,8
40440,12,8
40440,13,37
40440,14,5
40440,2,4
40440,3,7
40440,4,31
40440,6,6
40440,7,92
40500,1,117
40500,10,3
40500,12,9
40500,13,8
40500,2,1
40500,3,3
40500,4,19
40500,6,1
40500,7,31
40560,1,43
40560,10,1
40560,12,7
40560,13,31
40560,2,13
40560,4,8
40560,7,27
40620,1,16
40620,10,4
40620,12,4
40620,13,8
40620,14,1
40620,2,5
40620,4,18
40620,7,54
40680,1,3
40680,12,1
40680,13,2
40680,14,1
40680,2,13
40680,4,11
40680,5,1
40680,6,3
40680,7,63
40740,1,4
40740,10,3
40740,12,37
40740,13,1
40740,2,5
40740,4,14
40740,5,1
40740,7,62
40800,1,7
40800,12,14
40800,2,6
40800,4,6
40800,7,36
40860,1,1
40860,14,1
40860,4,9
40860,6,1
40860,7,15
40920,1,4
40920,12,5
40920,2,9
40920,4,13
40920,6,1
40980,1,10
40980,11,7
40980,13,4
40980,2,4
40980,4,9
41040,1,43
41040,10,1
41040,11,3
41040,13,4
41040,2,3
41040,4,1
41040,7,2
41100,1,65
41100,10,2
41100,13,27
41100,4,3
41100,6,1
41100,7,10
41160,1,41
41160,13,9
41160,2,3
41160,4,8
41160,7,22
41220,1,63
41220,12,1
41220,13,14
41220,14,2
41220,2,1
41220,4,24
41220,7,21
41280,1,33
41280,13,21
41280,14,5
41280,2,14
41280,4,10
41280,5,5
41280,7,60
41340,1,40
41340,11,1
41340,12,3
41340,13,7
41340,2,4
41340,4,38
41340,5,6
41340,7,68
41400,1,56
41400,10,4
41400,11,1
41400,13,16
41400,14,1
41400,2,12
41400,4,46
41400,5,5
41400,7,30
41460,1,38
41460,11,2
41460,12,1
41460,13,10
41460,14,7
41460,2,19
41460,4,27
41460,5,5
41460,7,88
41460,9,1
41520,1,52
41520,10,3
41520,11,5
41520,12,5
41520,13,10
41520,14,10
41520,2,6
41520,3,1
41520,4,27
41520,5,5
41520,6,3
41520,7,52
41520,9,2
41580,1,192
41580,10,9
41580,12,44
41580,13,45
41580,14,12
41580,2,2
41580,3,10
41580,4,21
41580,5,5
41580,6,6
41580,7,118
41580,9,1
41640,1,305
41640,10,1
41640,12,40
41640,13,37
41640,14,11
41640,3,11
41640,4,7
41640,6,3
41640,7,159
41640,9,17
41700,1,246
41700,10,2
41700,12,12
41700,13,69
41700,14,11
41700,3,6
41700,4,22
41700,6,3
41700,7,186
41700,9,3
41760,1,211
41760,10,9
41760,12,2
41760,13,55
41760,14,34
41760,4,19
41760,6,11
41760,7,334
41760,9,1
41820,1,337
41820,10,4
41820,12,5
41820,13,57
41820,14,18
41820,2,3
41820,3,1
41820,4,19
41820,6,17
41820,7,388
41820,9,3
41880,1,167
41880,10,1
41880,12,10
41880,13,56
41880,14,3
41880,2,2
41880,4,10
41880,6,50
41880,7,181
41880,9,9
41940,1,156
41940,10,26
41940,12,4
41940,13,26
41940,14,3
41940,2,18
41940,4,2
41940,6,46
41940,7,146
42000,1,116
42000,12,4
42000,13,28
42000,7,166
42060,1,99
42060,13,23
42060,14,3
42060,2,1
42060,7,69
42120,1,29
42120,12,8
42120,13,18
42120,2,30
42120,4,2
42120,7,60
42180,1,6
42180,12,6
42180,13,5
42180,14,1
42180,2,20
42180,7,33
42240,1,8
42240,13,9
42240,2,12
42240,4,4
42240,7,105
42300,1,12
42300,10,2
42300,12,18
42300,13,6
42300,14,2
42300,2,30
42300,4,2
42300,6,1
42300,7,67
42360,1,6
42360,10,2
42360,12,2
42360,13,1
42360,2,4
42360,4,3
42360,6,1
42360,7,41
42420,1,20
42420,13,1
42420,2,4
42420,7,15
42420,9,1
42480,1,44
42480,12,2
42480,13,1
42480,2,6
42480,4,3
42480,7,48
42540,1,72
42540,10,1
42540,11,1
42540,12,1
42540,13,11
42540,2,2
42540,7,54
42600,1,70
42600,11,1
42600,12,4
42600,13,7
42600,2,1
42600,7,111
42660,1,75
42660,10,3
42660,11,3
42660,12,1
42660,13,9
42660,2,3
42660,6,2
42660,7,117
42720,1,36
42720,10,6
42720,11,8
42720,12,10
42720,13,18
42720,2,3
42720,5,4
42720,7,123
42780,1,31
42780,10,3
42780,11,8
42780,13,7
42780,14,6
42780,2,2
42780,5,5
42780,7,265
42780,9,2
42840,1,73
42840,10,3
42840,11,35
42840,12,6
42840,13,17
42840,14,7
42840,2,13
42840,4,6
42840,7,164
42900,1,40
42900,10,2
42900,12,8
42900,13,30
42900,14,13
42900,2,18
42900,4,17
42900,5,1
42900,6,7
42900,7,157
42900,9,1
42960,1,81
42960,10,2
42960,11,1
42960,12,9
42960,13,74
42960,14,14
42960,2,3
42960,4,33
42960,5,1
42960,6,4
42960,7,215
42960,9,1
43020,1,133
43020,10,2
43020,11,1
43020,13,37
43020,14,11
43020,2,8
43020,3,14
43020,4,24
43020,6,1
43020,7,346
43020,9,12
43080,1,237
43080,10,8
43080,12,30
43080,13,59
43080,14,9
43080,2,7
43080,3,1
43080,4,16
43080,5,10
43080,6,12
43080,7,394
43080,9,13
43140,1,270
43140,10,23
43140,11,1
43140,12,21
43140,13,72
43140,14,55
43140,2,4
43140,3,3
43140,4,11
43140,5,10
43140,6,14
43140,7,437
43140,9,11
43200,1,313
43200,12,73
43200,13,5
43200,14,2
43200,2,8
43200,4,2
43200,5,4
43200,6,5
43200,7,151
43200,9,3
43260,1,331
43260,11,8
43260,12,99
43260,13,15
43260,14,2
43260,2,3
43260,4,4
43260,5,6
43260,6,4
43260,7,211
43260,9,1
43320,1,225
43320,10,1
43320,11,3
43320,12,7
43320,13,11
43320,14,4
43320,2,178
43320,3,1
43320,4,8
43320,6,2
43320,7,84
43320,9,5
43380,1,113
43380,10,3
43380,12,19
43380,13,60
43380,14,14
43380,2,10
43380,3,10
43380,4,19
43380,5,2
43380,6,9
43380,7,381
43380,9,9
43440,1,41
43440,10,4
43440,13,54
43440,14,1
43440,2,9
43440,4,32
43440,6,4
43440,7,414
43440,9,1
43500,1,30
43500,10,14
43500,13,35
43500,2,20
43500,3,2
43500,4,20
43500,6,4
43500,7,228
43500,9,1
43560,1,30
43560,10,4
43560,13,39
43560,2,9
43560,4,10
43560,6,1
43560,7,82
43620,1,12
43620,13,16
43620,14,1
43620,2,9
43620,4,7
43620,7,105
43680,1,17
43680,10,1
43680,12,15
43680,13,39
43680,14,3
43680,2,14
43680,4,12
43680,7,55
43740,1,7
43740,10,15
43740,13,23
43740,2,5
43740,4,11
43740,7,23
43800,1,6
43800,10,2
43800,12,6
43800,13,3
43800,2,15
43800,4,6
43800,7,73
43860,1,8
43860,12,14
43860,13,12
43860,14,1
43860,2,56
43860,4,4
43860,6,1
43860,7,74
43920,1,31
43920,10,4
43920,11,2
43920,13,22
43920,14,43
43920,2,19
43920,4,16
43920,7,79
43980,1,54
43980,10,2
43980,11,7
43980,12,1
43980,13,39
43980,14,39
43980,2,10
43980,4,19
43980,6,1
43980,7,234
43980,9,2
44040,1,139
44040,11,19
44040,12,4
44040,13,4
44040,14,121
44040,2,2
44040,3,1
44040,4,29
44040,5,5
44040,6,4
44040,7,511
44040,9,7
44100,1,49
44100,11,1
44100,12,6
44100,13,14
44100,14,91
44100,2,3
44100,3,3
44100,4,5
44100,5,3
44100,7,295
44100,9,7
44160,1,56
44160,11,2
44160,12,1
44160,13,64
44160,14,181
44160,2,1
44160,3,20
44160,4,4
44160,5,6
44160,7,267
44160,9,1
44220,1,62
44220,10,8
44220,11,2
44220,12,399
44220,13,99
44220,14,46
44220,2,3
44220,3,3
44220,4,2
44220,7,255
44220,9,4
44280,1,167
44280,10,11
44280,11,12
44280,12,14
44280,13,72
44280,14,40
44280,2,27
44280,3,13
44280,4,8
44280,6,1
44280,7,396
44280,9,19
44340,1,103
44340,10,5
44340,11,1
44340,12,4
44340,13,105
44340,14,49
44340,2,8
44340,4,28
44340,6,17
44340,7,364
44340,9,16
44400,1,222
44400,10,40
44400,12,16
44400,13,77
44400,14,46
44400,2,20
44400,4,57
44400,6,45
44400,7,364
44400,9,3
44460,1,171
44460,10,9
44460,11,3
44460,12,40
44460,13,10
44460,14,4
44460,2,14
44460,3,3
44460,4,18
44460,6,13
44460,7,278
44460,9,8
44520,1,265
44520,10,41
44520,11,8
44520,12,31
44520,13,69
44520,14,31
44520,2,24
44520,4,11
44520,6,12
44520,7,333
44520,9,15
44580,1,213
44580,10,8
44580,11,1
44580,12,14
44580,13,26
44580,14,60
44580,2,3
44580,4,19
44580,6,4
44580,7,366
44580,9,20
44640,1,136
44640,10,2
44640,11,1
44640,12,12
44640,13,47
44640,14,71
44640,2,20
44640,3,5
44640,4,46
44640,5,4
44640,7,438
44640,9,11
44700,1,100
44700,10,17
44700,12,78
44700,13,74
44700,14,16
44700,2,2
44700,3,3
44700,4,3
44700,5,4
44700,6,5
44700,7,441
44700,9,7
44760,1,93
44760,10,5
44760,11,1
44760,12,30
44760,13,38
44760,14,6
44760,2,2
44760,4,2
44760,6,4
44760,7,353
44760,9,1
44820,1,353
44820,10,20
44820,12,34
44820,13,28
44820,14,5
44820,2,6
44820,4,3
44820,7,238
44820,9,1
44880,1,270
44880,10,29
44880,12,238
44880,13,49
44880,14,7
44880,2,4
44880,4,5
44880,5,2
44880,6,40
44880,7,204
44940,1,174
44940,10,11
44940,12,12
44940,13,9
44940,14,21
44940,2,8
44940,4,14
44940,6,30
44940,7,69
45000,1,96
45000,10,1
45000,13,21
45000,2,55
45000,6,3
45000,7,133
45060,1,97
45060,13,10
45060,2,10
45060,7,190
45120,1,76
45120,11,1
45120,12,1
45120,13,30
45120,14,5
45120,2,15
45120,4,2
45120,7,212
45180,1,175
45180,10,2
45180,11,10
45180,13,17
45180,14,11
45180,2,13
45180,4,2
45180,7,113
45240,1,152
45240,10,5
45240,11,2
45240,13,6
45240,14,2
45240,2,7
45240,4,9
45240,5,1
45240,7,61
45300,1,55
45300,13,4
45300,14,16
45300,2,1
45300,4,3
45300,7,22
45360,1,68
45360,10,3
45360,11,4
45360,12,25
45360,13,14
45360,14,4
45360,2,11
45360,4,21
45360,7,77
45420,1,179
45420,10,7
45420,12,38
45420,13,13
45420,14,12
45420,2,12
45420,4,39
45420,5,1
45420,7,197
45420,9,3
45480,1,401
45480,10,9
45480,11,1
45480,12,7
45480,13,32
45480,14,1
45480,2,20
45480,4,26
45480,7,391
45480,9,2
45540,1,260
45540,10,12
45540,11,8
45540,13,42
45540,14,30
45540,2,7
45540,3,1
45540,4,7
45540,7,291
45540,9,10
45600,1,507
45600,10,7
45600,11,2
45600,12,1
45600,13,53
45600,14,13
45600,2,10
45600,4,12
45600,5,1
45600,6,1
45600,7,282
45600,9,14
45660,1,378
45660,10,23
45660,12,4
45660,13,61
45660,14,22
45660,2,4
45660,3,1
45660,4,13
45660,5,1
45660,7,307
45660,9,4
45720,1,319
45720,10,9
45720,11,1
45720,12,13
45720,13,52
45720,14,21
45720,3,1
45720,4,30
45720,5,3
45720,6,6
45720,7,327
45720,9,5
45780,1,236
45780,10,53
45780,12,69
45780,13,52
45780,14,36
45780,2,6
45780,4,7
45780,5,17
45780,6,4
45780,7,321
45780,9,9
45840,1,218
45840,10,6
45840,12,99
45840,13,47
45840,14,59
45840,3,1
45840,4,6
45840,5,8
45840,7,324
45840,9,15
45900,1,108
45900,10,6
45900,11,1
45900,12,41
45900,13,95
45900,14,24
45900,4,8
45900,5,4
45900,7,325
45900,9,10
45960,1,193
45960,10,25
45960,13,13
45960,14,3
45960,2,2
45960,4,33
45960,6,2
45960,7,513
45960,9,52
46020,1,196
46020,10,13
46020,11,1
46020,12,18
46020,13,3
46020,14,4
46020,2,7
46020,4,7
46020,7,382
46020,9,4
46080,1,281
46080,10,50
46080,12,47
46080,14,9
46080,2,18
46080,4,17
46080,5,3
46080,7,372
46140,1,261
46140,10,10
46140,12,18
46140,14,3
46140,2,18
46140,4,12
46140,6,1
46140,7,227
46140,9,8
46200,1,317
46200,10,15
46200,11,1
46200,12,13
46200,14,3
46200,3,4
46200,4,5
46200,5,3
46200,6,6
46200,7,223
46260,1,212
46260,10,4
46260,12,9
46260,14,4
46260,2,20
46260,4,7
46260,5,1
46260,6,2
46260,7,170
46320,1,205
46320,2,5
46320,4,5
46320,6,11
46320,7,115
46380,1,222
46380,12,5
46380,14,1
46380,2,3
46380,4,2
46380,7,105
46380,9,2
46440,1,87
46440,4,1
46440,7,44
46440,9,5
46500,1,158
46500,12,1
46500,13,1
46500,2,16
46500,3,1
46500,4,6
46500,7,86
46560,1,79
46560,10,2
46560,13,1
46560,14,2
46560,2,102
46560,4,8
46560,7,70
46560,9,3
46620,1,58
46620,10,1
46620,12,4
46620,2,2
46620,4,7
46620,7,35
46680,1,26
46680,13,2
46680,14,1
46680,2,1
46680,4,7
46680,7,16
46740,1,42
46740,11,1
46740,13,1
46740,2,2
46740,4,1
46740,6,4
46740,7,1
46800,1,45
46800,11,11
46800,12,5
46800,13,10
46800,4,10
46800,6,1
46800,7,43
46860,1,69
46860,11,13
46860,12,12
46860,13,2
46860,2,2
46860,4,4
46860,6,1
46860,7,29
46920,1,114
46920,11,3
46920,13,5
46920,14,2
46920,4,1
46920,7,135
46980,1,181
46980,10,3
46980,11,1
46980,12,14
46980,13,6
46980,14,4
46980,4,12
46980,7,98
46980,9,1
47040,1,340
47040,10,1
47040,12,6
47040,13,1
47040,14,10
47040,2,18
47040,4,26
47040,7,44
47040,9,1
47100,1,295
47100,10,1
47100,11,14
47100,12,28
47100,13,6
47100,14,11
47100,4,10
47100,7,145
47100,9,2
47160,1,436
47160,11,2
47160,12,10
47160,13,4
47160,14,3
47160,4,11
47160,7,217
47220,1,281
47220,11,19
47220,12,19
47220,13,2
47220,14,3
47220,4,5
47220,6,1
47220,7,282
47220,9,4
47280,1,304
47280,11,3
47280,12,2
47280,13,11
47280,14,2
47280,4,16
47280,5,7
47280,6,5
47280,7,297
47280,9,3
47340,1,395
47340,10,6
47340,11,3
47340,12,547
47340,13,10
47340,14,1
47340,2,1
47340,4,22
47340,6,1
47340,7,335
47340,9,18
47400,1,397
47400,10,3
47400,11,1
47400,12,37
47400,13,18
47400,14,13
47400,2,3
47400,4,12
47400,5,3
47400,6,18
47400,7,218
47400,9,57
47460,1,553
47460,10,20
47460,12,11
47460,13,33
47460,14,28
47460,4,4
47460,6,14
47460,7,394
47460,9,13
47520,1,383
47520,10,10
47520,12,38
47520,13,67
47520,14,20
47520,2,1
47520,4,8
47520,5,4
47520,6,13
47520,7,285
47580,1,465
47580,10,5
47580,11,3
47580,12,130
47580,13,56
47580,14,22
47580,2,15
47580,4,4
47580,5,3
47580,7,307
47580,9,28
47640,1,210
47640,10,3
47640,12,15
47640,13,19
47640,14,33
47640,2,17
47640,3,1
47640,4,11
47640,5,4
47640,7,205
47640,9,28
47700,1,63
47700,10,2
47700,12,1
47700,13,14
47700,14,4
47700,2,3
47700,4,2
47700,7,100
47700,9,13
47760,1,23
47760,10,1
47760,13,24
47760,14,3
47760,2,35
47760,6,1
47760,7,145
47760,9,1
47820,1,9
47820,10,2
47820,13,6
47820,14,1
47820,2,35
47820,7,90
47820,9,4
47880,1,4
47880,10,1
47880,13,4
47880,2,28
47880,7,162
47940,1,2
47940,13,4
47940,7,49
48000,1,14
48000,10,1
48000,14,4
48000,2,1
48000,7,50
48000,9,2
48060,1,3
48060,2,7
48060,7,17
48120,1,1
48120,2,8
48120,4,4
48120,7,12
48180,1,7
48180,2,6
48180,4,7
48180,7,17
48180,9,1
48240,1,8
48240,13,1
48240,14,2
48240,2,5
48240,4,4
48240,7,16
48300,1,14
48300,10,2
48300,14,6
48300,2,1
48300,4,14
48300,7,33
48300,9,1
48360,1,36
48360,10,1
48360,11,7
48360,13,1
48360,14,21
48360,2,5
48360,4,8
48360,7,47
48360,9,1
48420,1,48
48420,11,7
48420,13,6
48420,14,23
48420,2,17
48420,4,16
48420,5,3
48420,7,82
48420,9,3
48480,1,85
48480,10,1
48480,11,3
48480,13,3
48480,14,15
48480,2,1
48480,4,16
48480,5,2
48480,7,16
48480,9,5
48540,1,28
48540,11,77
48540,13,15
48540,14,9
48540,2,3
48540,4,1
48540,5,15
48540,7,63
48600,1,43
48600,11,3
48600,13,12
48600,14,4
48600,4,7
48600,5,2
48600,7,95
48600,9,2
48660,1,82
48660,10,12
48660,11,10
48660,13,7
48660,14,4
48660,2,3
48660,4,10
48660,5,1
48660,7,122
48720,1,60
48720,10,2
48720,11,3
48720,13,7
48720,14,46
48720,2,4
48720,4,9
48720,5,1
48720,6,2
48720,7,194
48720,9,8
48780,1,189
48780,10,1
48780,11,2
48780,13,46
48780,14,6
48780,2,27
48780,4,3
48780,6,17
48780,7,324
48780,9,16
48840,1,101
48840,10,7
48840,11,5
48840,12,2
48840,13,7
48840,14,10
48840,2,5
48840,4,10
48840,5,8
48840,6,11
48840,7,286
48840,9,32
48900,1,142
48900,10,3
48900,12,2
48900,13,21
48900,14,14
48900,2,17
48900,4,11
48900,5,3
48900,6,10
48900,7,228
48900,9,10
48960,1,359
48960,10,28
48960,12,2
48960,13,15
48960,14,5
48960,4,7
48960,7,163
48960,9,9
49020,1,296
49020,10,9
49020,12,1
49020,13,20
49020,14,8
49020,2,2
49020,4,6
49020,5,4
49020,6,9
49020,7,267
49020,9,7
49080,1,198
49080,10,2
49080,11,2
49080,13,20
49080,14,12
49080,2,3
49080,4,3
49080,5,1
49080,6,5
49080,7,190
49080,9,3
49140,1,83
49140,12,2
49140,13,24
49140,14,4
49140,2,5
49140,4,5
49140,6,15
49140,7,162
49200,1,67
49200,10,5
49200,11,12
49200,12,2
49200,13,5
49200,2,46
49200,4,2
49200,6,1
49200,7,189
49260,1,8
49260,12,4
49260,13,8
49260,2,21
49260,6,2
49260,7,85
49320,1,7
49320,12,1
49320,13,3
49320,2,9
49320,4,1
49320,5,1
49320,7,60
49380,1,4
49380,13,5
49380,2,3
49380,4,3
49380,7,60
49380,9,1
49440,1,9
49440,12,4
49440,13,1
49440,14,2
49440,2,2
49440,4,8
49440,7,28
49440,9,4
49500,13,3
49500,2,16
49500,4,4
49500,7,60
49560,1,6
49560,13,1
49560,2,11
49560,6,2
49560,7,3
49620,1,9
49620,13,3
49620,2,9
49620,4,14
49620,7,19
49680,1,12
49680,13,3
49680,14,4
49680,2,22
49680,4,28
49680,5,4
49680,7,26
49740,1,50
49740,10,2
49740,13,8
49740,14,16
49740,2,3
49740,4,16
49740,7,93
49800,1,21
49800,11,1
49800,13,10
49800,14,5
49800,2,14
49800,4,31
49800,7,50
49860,1,30
49860,10,5
49860,11,6
49860,12,3
49860,13,11
49860,14,5
49860,2,5
49860,4,29
49860,5,1
49860,7,36
49920,1,28
49920,10,15
49920,11,2
49920,12,1
49920,13,8
49920,14,4
49920,2,2
49920,4,20
49920,7,82
49920,9,1
49980,1,15
49980,11,5
49980,13,12
49980,14,22
49980,2,7
49980,4,84
49980,5,1
49980,7,163
49980,9,2
50040,1,24
50040,10,1
50040,11,8
50040,13,22
50040,14,28
50040,2,9
50040,7,208
50100,1,35
50100,10,21
50100,11,2
50100,12,1
50100,13,12
50100,14,7
50100,4,1
50100,5,1
50100,7,185
50160,1,83
50160,10,1
50160,11,2
50160,12,2
50160,13,2
50160,14,8
50160,2,3
50160,4,2
50160,5,2
50160,6,1
50160,7,244
50220,1,156
50220,10,5
50220,11,1
50220,12,2
50220,13,19
50220,14,7
50220,2,6
50220,5,6
50220,6,1
50220,7,325
50220,9,2
50280,1,211
50280,10,7
50280,12,1
50280,13,34
50280,14,40
50280,2,3
50280,4,20
50280,5,4
50280,6,2
50280,7,445
50280,9,1
50340,1,293
50340,10,11
50340,12,1
50340,13,34
50340,14,24
50340,2,2
50340,4,15
50340,5,1
50340,6,4
50340,7,536
50340,9,1
50400,1,235
50400,10,2
50400,12,32
50400,13,47
50400,14,36
50400,2,1
50400,4,16
50400,7,383
50400,9,12
50460,1,227
50460,10,4
50460,12,24
50460,13,56
50460,14,29
50460,2,6
50460,4,8
50460,5,2
50460,6,6
50460,7,383
50460,9,7
50520,1,112
50520,10,10
50520,12,45
50520,13,70
50520,14,9
50520,2,46
50520,4,4
50520,5,2
50520,6,1
50520,7,335
50520,9,3
50580,1,136
50580,11,2
50580,12,4
50580,13,6
50580,14,5
50580,2,4
50580,4,21
50580,6,2
50580,7,213
50580,9,1
50640,1,88
50640,10,7
50640,13,20
50640,14,1
50640,2,5
50640,4,12
50640,6,2
50640,7,177
50640,9,1
50700,1,92
50700,10,4
50700,13,10
50700,2,4
50700,4,10
50700,7,101
50760,1,7
50760,12,1
50760,13,2
50760,2,8
50760,4,5
50760,5,1
50760,7,37
50820,1,23
50820,13,4
50820,2,18
50820,4,4
50820,7,22
50880,1,19
50880,2,6
50880,4,17
50880,7,57
50940,1,2
50940,10,1
50940,11,1
50940,13,1
50940,2,6
50940,4,9
50940,7,24
51000,1,13
51000,10,2
51000,11,2
51000,13,1
51000,14,2
51000,2,4
51000,4,4
51000,7,21
51060,1,40
51060,11,2
51060,13,1
51060,7,1
51120,1,63
51120,13,1
51120,14,1
51120,2,11
51120,7,4
51180,1,61
51180,12,1
51180,13,1
51180,2,1
51180,5,1
51240,1,86
51240,11,1
51240,12,2
51240,2,7
51240,7,15
51300,1,56
51300,11,1
51300,13,2
51300,14,1
51300,2,15
51300,5,2
51300,7,1
51360,1,45
51360,14,2
51420,1,44
51420,11,7
51420,13,6
51420,14,16
51420,2,3
51420,5,4
51420,7,4
51480,1,42
51480,11,1
51480,13,97
51480,2,4
51480,5,5
51480,7,55
51540,1,14
51540,13,196
51540,2,1
51540,5,5
51540,7,51
51600,1,182
51600,10,7
51600,11,4
51600,12,2
51600,13,213
51600,2,1
51600,5,11
51600,6,1
51600,7,122
51600,9,8
51660,1,352
51660,10,7
51660,12,5
51660,13,173
51660,2,1
51660,5,2
51660,7,120
51660,9,20
51720,1,465
51720,10,5
51720,12,30
51720,13,155
51720,2,3
51720,5,15
51720,7,142
51720,9,3
51780,1,283
51780,10,3
51780,12,41
51780,13,202
51780,2,5
51780,5,6
51780,7,106
51780,9,12
51840,1,111
51840,10,9
51840,11,1
51840,12,56
51840,13,211
51840,2,2
51840,5,1
51840,6,2
51840,9,24
51900,1,245
51900,10,11
51900,11,1
51900,12,19
51900,13,172
51900,2,3
51900,5,5
51900,6,3
51900,7,12
51900,9,7
51960,1,148
51960,10,5
51960,11,3
51960,12,15
51960,13,93
51960,2,4
51960,5,13
51960,7,233
51960,9,2
52020,1,208
52020,12,9
52020,13,65
52020,2,25
52020,5,1
52020,7,591
52080,1,101
52080,10,3
52080,12,6
52080,13,33
52080,7,284
52140,1,74
52140,12,2
52140,13,4
52140,2,14
52140,7,194
52200,1,31
52200,13,21
52200,2,20
52200,5,4
52200,6,1
52200,7,95
52260,1,23
52260,12,2
52260,13,10
52260,2,7
52260,5,2
52260,7,49
52320,1,4
52320,12,1
52320,13,8
52320,2,39
52320,7,33
52380,1,1
52380,12,2
52380,13,8
52380,2,18
52380,7,166
52440,1,6
52440,12,1
52440,13,13
52440,2,8
52440,7,335
52500,1,2
52500,13,10
52500,14,1
52500,2,18
52500,7,84
52560,1,5
52560,12,3
52560,13,17
52560,2,16
52560,7,158
52620,1,26
52620,10,2
52620,12,12
52620,13,56
52620,14,5
52620,2,85
52620,7,364
52680,1,76
52680,12,3
52680,13,45
52680,14,11
52680,2,45
52680,5,2
52680,6,5
52680,7,244
52740,1,41
52740,12,5
52740,13,33
52740,14,10
52740,5,10
52740,7,233
52800,1,16
52800,13,78
52800,14,1
52800,2,3
52800,5,8
52800,7,157
52860,1,18
52860,12,2
52860,13,65
52860,14,3
52860,2,4
52860,5,9
52860,7,277
52920,1,20
52920,13,62
52920,14,4
52920,2,24
52920,7,374
52980,1,94
52980,11,6
52980,12,21
52980,13,51
52980,14,2
52980,2,14
52980,5,1
52980,6,1
52980,7,327
53040,1,41
53040,11,23
53040,12,40
53040,13,104
53040,14,1
53040,2,1
53040,5,1
53040,6,4
53040,7,432
53100,1,237
53100,10,3
53100,11,15
53100,12,7
53100,13,86
53100,14,1
53100,7,479
53160,1,204
53160,11,12
53160,12,20
53160,13,50
53160,14,1
53160,7,610
53220,1,328
53220,10,3
53220,11,7
53220,12,11
53220,13,106
53220,14,12
53220,4,42
53220,6,4
53220,7,745
53280,1,356
53280,10,1
53280,12,7
53280,13,71
53280,4,21
53280,7,618
53340,1,249
53340,10,2
53340,11,5
53340,12,378
53340,13,114
53340,2,10
53340,4,25
53340,6,13
53340,7,563
53400,1,180
53400,12,2
53400,13,28
53400,2,9
53400,4,11
53400,5,1
53400,6,19
53400,7,530
53460,1,237
53460,10,20
53460,11,3
53460,12,12
53460,13,82
53460,2,2
53460,6,93
53460,7,575
53520,1,150
53520,10,5
53520,11,5
53520,12,5
53520,13,52
53520,2,48
53520,4,8
53520,6,51
53520,7,437
53580,1,154
53580,12,4
53580,13,40
53580,2,16
53580,4,16
53580,6,99
53580,7,210
53640,1,28
53640,12,2
53640,13,24
53640,2,47
53640,4,2
53640,7,346
53700,1,31
53700,11,2
53700,12,2
53700,13,22
53700,2,3
53700,4,3
53700,6,2
53700,7,227
53760,1,16
53760,11,1
53760,12,1
53760,13,36
53760,14,1
53760,2,8
53760,4,28
53760,7,290
53820,1,20
53820,10,2
53820,11,1
53820,12,2
53820,13,24
53820,2,3
53820,4,35
53820,7,226
53880,1,35
53880,11,1
53880,13,32
53880,2,2
53880,4,54
53880,7,72
53940,1,24
53940,10,1
53940,11,13
53940,13,31
53940,2,4
53940,4,49
53940,7,85
54000,1,22
54000,10,1
54000,11,25
54000,13,14
54000,14,1
54000,2,5
54000,4,31
54000,7,206
54060,1,129
54060,11,8
54060,12,1
54060,13,33
54060,2,1
54060,4,12
54060,7,285
54120,1,146
54120,11,6
54120,12,5
54120,13,50
54120,2,6
54120,4,25
54120,7,319
54180,1,95
54180,10,6
54180,11,5
54180,12,18
54180,13,77
54180,2,1
54180,4,30
54180,5,1
54180,7,393
54240,1,141
54240,10,7
54240,11,7
54240,12,18
54240,13,61
54240,2,12
54240,4,45
54240,5,2
54240,6,4
54240,7,647
54300,1,150
54300,10,4
54300,11,186
54300,12,8
54300,13,57
54300,2,8
54300,4,20
54300,6,5
54300,7,427
54360,1,52
54360,10,5
54360,11,34
54360,12,14
54360,13,88
54360,2,11
54360,4,48
54360,6,12
54360,7,563
54420,1,132
54420,10,6
54420,11,21
54420,12,33
54420,13,42
54420,2,6
54420,4,44
54420,5,4
54420,7,572
54480,1,296
54480,10,1
54480,11,10
54480,12,24
54480,13,88
54480,2,70
54480,4,12
54480,6,7
54480,7,503
54540,1,311
54540,10,10
54540,11,19
54540,12,14
54540,13,118
54540,2,17
54540,4,77
54540,5,3
54540,6,24
54540,7,419
54600,1,337
54600,10,5
54600,11,6
54600,12,8
54600,13,51
54600,2,3
54600,4,51
54600,5,2
54600,6,59
54600,7,443
54660,1,423
54660,10,1
54660,11,1
54660,12,11
54660,13,42
54660,2,7
54660,4,21
54660,5,4
54660,6,4
54660,7,456
54720,1,217
54720,10,2
54720,12,13
54720,13,49
54720,2,4
54720,4,24
54720,5,4
54720,7,354
54780,1,371
54780,10,3
54780,11,1
54780,12,18
54780,13,52
54780,2,25
54780,4,15
54780,6,9
54780,7,417
54840,1,231
54840,10,2
54840,11,1
54840,12,5
54840,13,64
54840,2,51
54840,4,9
54840,6,53
54840,7,314
54900,1,145
54900,10,24
54900,11,3
54900,12,4
54900,13,29
54900,14,1
54900,2,18
54900,4,5
54900,5,2
54900,6,20
54900,7,188
54960,1,150
54960,10,45
54960,11,4
54960,12,37
54960,13,19
54960,2,54
54960,4,7
54960,5,2
54960,6,33
54960,7,229
55020,1,38
55020,10,4
55020,11,2
55020,12,1
55020,13,49
55020,2,9
55020,4,13
55020,6,8
55020,7,207
55080,1,50
55080,10,13
55080,13,23
55080,2,22
55080,4,15
55080,7,257
55140,1,54
55140,12,7
55140,13,6
55140,2,11
55140,4,2
55140,7,244
55200,1,90
55200,11,6
55200,12,3
55200,13,19
55200,2,4
55200,4,21
55200,6,3
55200,7,288
55260,1,115
55260,10,1
55260,11,30
55260,12,1
55260,13,5
55260,2,5
55260,4,11
55260,6,2
55260,7,267
55320,1,92
55320,10,4
55320,11,20
55320,13,42
55320,2,1
55320,4,5
55320,7,172
55380,1,88
55380,10,1
55380,11,3
55380,13,25
55380,2,3
55380,4,8
55380,7,158
55440,1,60
55440,11,2
55440,13,5
55440,2,10
55440,4,13
55440,6,2
55440,7,163
55500,1,135
55500,11,11
55500,13,5
55500,2,23
55500,4,12
55500,7,214
55560,1,173
55560,11,8
55560,12,8
55560,13,20
55560,2,26
55560,4,18
55560,7,270
55620,1,358
55620,10,4
55620,11,15
55620,12,16
55620,13,45
55620,2,10
55620,4,15
55620,7,214
55680,1,311
55680,10,13
55680,11,22
55680,12,2
55680,13,45
55680,14,1
55680,2,7
55680,4,8
55680,6,3
55680,7,324
55740,1,206
55740,10,15
55740,11,8
55740,12,1
55740,13,69
55740,2,8
55740,4,7
55740,7,447
55800,1,190
55800,10,4
55800,11,3
55800,12,32
55800,13,41
55800,14,1
55800,2,19
55800,4,5
55800,5,11
55800,6,6
55800,7,215
55860,1,251
55860,10,2
55860,11,26
55860,12,10
55860,13,51
55860,2,16
55860,4,1
55860,5,4
55860,6,44
55860,7,374
55920,1,252
55920,10,4
55920,11,10
55920,13,79
55920,2,4
55920,4,4
55920,5,3
55920,6,10
55920,7,229
55980,1,332
55980,10,8
55980,11,1
55980,12,14
55980,13,62
55980,2,7
55980,4,1
55980,5,2
55980,6,14
55980,7,353
56040,1,240
56040,10,3
56040,12,33
56040,13,58
56040,14,1
56040,2,12
56040,4,2
56040,6,23
56040,7,427
56100,1,253
56100,10,8
56100,12,11
56100,13,34
56100,2,15
56100,4,1
56100,5,2
56100,6,40
56100,7,422
56160,1,147
56160,10,8
56160,11,5
56160,12,9
56160,13,77
56160,14,2
56160,2,40
56160,4,2
56160,6,19
56160,7,493
56220,1,109
56220,10,10
56220,12,17
56220,13,85
56220,2,30
56220,4,4
56220,6,15
56220,7,267
56280,1,103
56280,10,7
56280,12,12
56280,13,73
56280,14,14
56280,2,10
56280,4,2
56280,7,332
56340,1,75
56340,10,8
56340,12,9
56340,13,28
56340,14,3
56340,2,43
56340,4,1
56340,6,1
56340,7,267
56400,1,97
56400,10,37
56400,12,5
56400,13,37
56400,2,59
56400,7,215
56460,1,85
56460,10,13
56460,12,3
56460,13,15
56460,2,60
56460,7,183
56460,9,1
56520,1,88
56520,10,11
56520,11,1
56520,12,1
56520,13,7
56520,2,4
56520,7,132
56580,1,61
56580,10,17
56580,13,3
56580,2,3
56580,6,9
56580,7,58
56640,1,122
56640,11,1
56640,13,7
56640,2,20
56640,4,2
56640,7,169
56700,1,145
56700,13,10
56700,2,25
56700,4,4
56700,7,295
56760,1,111
56760,11,1
56760,13,21
56760,2,6
56760,4,2
56760,7,249
56820,1,68
56820,11,2
56820,13,6
56820,2,2
56820,4,3
56820,6,1
56820,7,106
56880,1,52
56880,11,2
56880,13,1
56880,2,6
56880,4,2
56880,6,5
56880,7,119
56940,1,126
56940,12,3
56940,13,20
56940,2,14
56940,4,1
56940,7,162
56940,9,1
57000,1,133
57000,10,13
57000,11,1
57000,12,4
57000,13,41
57000,2,3
57000,4,4
57000,5,7
57000,6,1
57000,7,203
57060,1,231
57060,10,4
57060,11,8
57060,12,6
57060,13,25
57060,2,3
57060,4,8
57060,5,5
57060,7,194
57060,9,2
57120,1,156
57120,10,4
57120,11,20
57120,12,25
57120,13,38
57120,2,16
57120,4,23
57120,5,2
57120,6,1
57120,7,138
57120,9,17
57180,1,283
57180,10,24
57180,12,60
57180,13,73
57180,14,9
57180,2,3
57180,4,13
57180,5,1
57180,7,300
57180,9,81
57240,1,244
57240,10,12
57240,12,10
57240,13,49
57240,14,17
57240,4,39
57240,5,3
57240,6,4
57240,7,222
57240,9,70
57300,1,138
57300,10,19
57300,11,26
57300,12,18
57300,13,34
57300,14,32
57300,2,19
57300,4,12
57300,6,1
57300,7,285
57300,9,13
57360,1,138
57360,10,8
57360,11,4
57360,12,10
57360,13,63
57360,14,19
57360,2,46
57360,4,3
57360,5,6
57360,6,6
57360,7,387
57420,1,185
57420,10,22
57420,11,3
57420,12,10
57420,13,18
57420,14,9
57420,2,10
57420,4,3
57420,5,1
57420,6,3
57420,7,87
57420,9,2
57480,1,107
57480,10,49
57480,11,25
57480,12,15
57480,13,37
57480,14,7
57480,4,34
57480,7,194
57480,9,2
57540,1,83
57540,10,17
57540,11,1
57540,12,16
57540,13,44
57540,14,3
57540,4,3
57540,5,6
57540,7,214
57540,9,8
57600,1,88
57600,10,1
57600,12,149
57600,13,6
57600,14,5
57600,4,4
57600,6,3
57600,7,205
57600,9,1
57660,1,181
57660,11,41
57660,12,9
57660,13,32
57660,14,8
57660,2,1
57660,4,5
57660,6,5
57660,7,62
57660,9,5
57720,1,165
57720,10,2
57720,11,1
57720,12,1
57720,13,5
57720,14,3
57720,2,11
57720,5,1
57720,7,79
57780,1,126
57780,11,3
57780,12,2
57780,13,2
57780,2,8
57780,5,5
57780,6,1
57780,7,75
57840,1,83
57840,13,7
57840,2,7
57840,7,75
57840,9,1
57900,1,57
57900,12,3
57900,13,1
57900,14,10
57900,2,3
57900,7,11
57960,1,108
57960,10,1
57960,4,1
57960,6,1
57960,7,4
58020,1,94
58020,13,5
58020,2,17
58020,4,2
58020,7,14
58080,1,47
58080,11,1
58080,13,3
58080,2,5
58080,7,28
58140,1,100
58140,10,2
58140,12,3
58140,13,8
58140,14,1
58140,2,5
58140,7,49
58200,1,50
58200,11,6
58200,13,2
58200,14,2
58200,2,25
58200,4,3
58200,7,40
58260,1,31
58260,11,34
58260,13,3
58260,14,1
58260,2,13
58260,7,10
58260,9,1
58320,1,48
58320,12,1
58320,13,4
58320,2,7
58320,7,81
58380,1,53
58380,11,1
58380,13,3
58380,14,1
58380,2,7
58380,7,106
58440,1,73
58440,11,2
58440,13,4
58440,14,1
58440,2,52
58440,7,154
58500,1,158
58500,12,2
58500,13,2
58500,14,11
58500,2,3
58500,6,1
58500,7,147
58560,1,179
58560,10,3
58560,13,21
58560,14,2
58560,2,8
58560,6,3
58560,7,292
58560,9,7
58620,1,192
58620,10,10
58620,11,1
58620,12,2
58620,13,28
58620,14,4
58620,6,3
58620,7,323
58680,1,221
58680,10,8
58680,11,4
58680,12,1
58680,13,9
58680,14,3
58680,2,2
58680,5,3
58680,6,2
58680,7,116
58740,1,146
58740,11,5
58740,13,39
58740,14,1
58740,2,1
58740,4,1
58740,6,1
58740,7,178
58800,1,87
58800,10,5
58800,11,14
58800,12,28
58800,13,12
58800,2,2
58800,4,1
58800,6,3
58800,7,172
58800,9,3
58860,1,81
58860,11,2
58860,12,1
58860,13,26
58860,14,5
58860,2,6
58860,4,2
58860,5,5
58860,7,204
58920,1,176
58920,10,1
58920,11,22
58920,12,2
58920,13,9
58920,14,46
58920,2,2
58920,5,4
58920,7,90
58980,1,44
58980,10,8
58980,11,1
58980,12,3
58980,13,15
58980,14,8
58980,2,21
58980,5,12
58980,6,5
58980,7,38
58980,9,3
59040,1,97
59040,11,6
59040,12,4
59040,13,23
59040,14,2
59040,2,10
59040,4,2
59040,5,12
59040,6,1
59040,7,125
59040,9,3
59100,1,37
59100,10,3
59100,12,2
59100,13,21
59100,2,22
59100,5,2
59100,6,4
59100,7,110
59100,9,5
59160,1,18
59160,12,6
59160,13,42
59160,14,6
59160,4,24
59160,5,22
59160,6,2
59160,7,215
59160,9,24
59220,1,1
59220,10,5
59220,12,4
59220,13,29
59220,2,8
59220,4,2
59220,5,5
59220,6,3
59220,7,201
59220,9,8
59280,1,36
59280,10,2
59280,11,1
59280,12,1
59280,13,20
59280,14,1
59280,2,24
59280,4,6
59280,5,4
59280,6,4
59280,7,161
59280,9,25
59340,1,21
59340,11,1
59340,13,13
59340,2,5
59340,7,241
59340,9,6
59400,1,35
59400,10,1
59400,13,13
59400,14,1
59400,2,6
59400,5,3
59400,7,108
59460,1,22
59460,12,3
59460,13,37
59460,7,149
59520,1,5
59520,13,11
59520,2,20
59520,7,213
59580,1,89
59580,13,3
59580,14,4
59580,2,9
59580,7,164
59640,1,95
59640,10,5
59640,11,1
59640,12,1
59640,13,2
59640,14,7
59640,2,2
59640,7,182
59700,1,73
59700,10,1
59700,12,8
59700,13,3
59700,2,9
59700,4,7
59700,6,2
59700,7,202
59760,1,57
59760,11,7
59760,12,3
59760,13,3
59760,14,2
59760,2,19
59760,7,128
59820,1,32
59820,11,15
59820,13,5
59820,14,2
59820,2,17
59820,7,86
59880,1,39
59880,11,13
59880,12,5
59880,13,7
59880,14,4
59880,2,3
59880,5,1
59880,7,318
59940,1,68
59940,10,3
59940,11,12
59940,12,11
59940,13,8
59940,14,4
59940,2,4
59940,4,5
59940,5,2
59940,7,183
60000,1,26
60000,11,17
60000,12,23
60000,13,17
60000,2,1
60000,4,9
60000,5,2
60000,6,3
60000,7,234
60060,1,85
60060,10,7
60060,11,24
60060,12,6
60060,13,37
60060,14,9
60060,4,7
60060,5,12
60060,6,10
60060,7,257
60060,9,12
60120,1,77
60120,10,3
60120,11,4
60120,12,3
60120,13,10
60120,14,16
60120,2,2
60120,4,9
60120,5,15
60120,6,35
60120,7,235
60120,9,2
60180,1,265
60180,10,4
60180,11,4
60180,12,19
60180,13,56
60180,14,4
60180,2,22
60180,4,7
60180,5,6
60180,6,53
60180,7,305
60240,1,115
60240,10,8
60240,11,2
60240,12,8
60240,13,36
60240,14,8
60240,2,1
60240,4,2
60240,6,8
60240,7,268
60240,9,1
60300,1,147
60300,10,30
60300,11,7
60300,12,51
60300,13,71
60300,14,33
60300,2,1
60300,4,15
60300,5,6
60300,6,5
60300,7,326
60300,9,19
60360,1,72
60360,10,11
60360,11,17
60360,12,25
60360,13,35
60360,14,6
60360,2,49
60360,4,22
60360,5,3
60360,6,5
60360,7,244
60360,9,105
60420,1,137
60420,10,13
60420,11,6
60420,12,20
60420,13,43
60420,14,1
60420,2,9
60420,4,3
60420,5,4
60420,6,1
60420,7,172
60420,9,11
60480,1,123
60480,10,6
60480,11,1
60480,12,23
60480,13,97
60480,14,5
60480,4,19
60480,5,18
60480,6,20
60480,7,274
60480,9,45
60540,1,55
60540,10,50
60540,11,2
60540,12,17
60540,13,41
60540,14,2
60540,4,8
60540,5,20
60540,6,1
60540,7,246
60540,9,10
60600,1,167
60600,10,8
60600,11,1
60600,12,19
60600,13,25
60600,14,1
60600,4,10
60600,5,3
60600,6,28
60600,7,280
60600,9,15
60660,1,101
60660,10,3
60660,12,7
60660,13,28
60660,14,6
60660,4,6
60660,6,11
60660,7,284
60660,9,10
60720,1,3
60720,10,4
60720,12,2
60720,13,40
60720,14,1
60720,5,1
60720,6,18
60720,7,246
60720,9,1
60780,1,71
60780,10,1
60780,12,1
60780,13,24
60780,14,8
60780,4,3
60780,6,6
60780,7,89
60840,1,50
60840,12,10
60840,13,15
60840,14,10
60840,4,6
60840,6,1
60840,7,82
60900,1,3
60900,12,2
60900,13,6
60900,4,6
60900,6,3
60900,7,114
60960,1,5
60960,11,3
60960,13,14
60960,5,1
60960,6,3
60960,7,189
61020,1,21
61020,11,9
61020,12,13
61020,13,38
61020,14,4
61020,7,165
61080,1,6
61080,11,2
61080,12,1
61080,13,14
61080,14,1
61080,5,1
61080,7,100
61140,1,26
61140,10,5
61140,11,15
61140,12,7
61140,13,8
61140,14,5
61140,4,1
61140,7,142
61200,1,18
61200,11,7
61200,12,19
61200,13,3
61200,14,4
61200,4,3
61200,5,4
61200,7,182
61260,1,72
61260,10,2
61260,11,9
61260,12,4
61260,13,9
61260,14,17
61260,7,81
61320,1,94
61320,10,17
61320,11,13
61320,12,6
61320,13,23
61320,14,24
61320,2,1
61320,4,1
61320,5,2
61320,6,4
61320,7,131
61320,9,4
61380,1,204
61380,10,9
61380,11,5
61380,12,2
61380,13,20
61380,14,29
61380,2,1
61380,4,5
61380,5,1
61380,7,274
61380,9,2
61440,1,136
61440,10,4
61440,11,7
61440,12,5
61440,13,30
61440,14,4
61440,2,2
61440,4,11
61440,5,1
61440,6,22
61440,7,231
61500,1,165
61500,10,7
61500,12,19
61500,13,26
61500,14,13
61500,2,1
61500,4,7
61500,5,9
61500,6,5
61500,7,348
61560,1,250
61560,10,5
61560,11,15
61560,12,5
61560,13,25
61560,14,7
61560,2,2
61560,4,28
61560,5,19
61560,6,30
61560,7,459
61620,1,261
61620,10,8
61620,11,53
61620,12,36
61620,13,37
61620,14,7
61620,4,12
61620,5,4
61620,6,28
61620,7,403
61620,9,3
61680,1,258
61680,10,14
61680,11,48
61680,12,34
61680,13,39
61680,14,6
61680,2,9
61680,4,9
61680,5,8
61680,7,371
61680,9,16
61740,1,278
61740,10,17
61740,11,27
61740,12,35
61740,13,27
61740,14,1
61740,4,4
61740,6,9
61740,7,312
61740,9,8
61800,1,184
61800,10,26
61800,11,5
61800,12,30
61800,13,27
61800,14,21
61800,5,8
61800,7,256
61800,9,5
61860,1,309
61860,10,23
61860,11,2
61860,12,10
61860,13,23
61860,14,25
61860,2,1
61860,4,8
61860,5,3
61860,6,1
61860,7,344
61860,9,2
61920,1,279
61920,10,15
61920,12,9
61920,13,45
61920,14,7
61920,2,14
61920,4,4
61920,5,7
61920,6,41
61920,7,155
61980,1,195
61980,10,43
61980,12,7
61980,13,26
61980,14,8
61980,2,11
61980,4,12
61980,5,5
61980,6,58
61980,7,210
62040,1,184
62040,10,47
62040,12,27
62040,13,39
62040,14,10
62040,2,5
62040,4,13
62040,5,1
62040,6,50
62040,7,106
62100,1,131
62100,10,23
62100,12,31
62100,13,22
62100,14,28
62100,2,3
62100,4,8
62100,5,6
62100,6,9
62100,7,190
62100,9,1
62160,1,109
62160,10,20
62160,12,3
62160,13,22
62160,14,5
62160,2,1
62160,4,4
62160,5,9
62160,6,1
62160,7,119
62160,9,9
62220,1,77
62220,10,1
62220,12,1
62220,2,3
62220,5,2
62220,7,82
62220,9,1
62280,1,81
62280,11,1
62280,14,2
62280,2,12
62280,5,2
62280,6,12
62280,7,133
62280,9,3
62340,1,49
62340,11,1
62340,13,1
62340,14,6
62340,2,3
62340,4,1
62340,5,4
62340,6,4
62340,7,33
62340,9,2
62400,1,51
62400,10,5
62400,13,1
62400,14,1
62400,2,17
62400,4,2
62400,5,17
62400,7,184
62400,9,1
62460,1,95
62460,11,2
62460,13,5
62460,2,28
62460,6,1
62460,7,142
62460,9,2
62520,1,18
62520,11,11
62520,13,3
62520,2,2
62520,6,2
62520,7,88
62520,9,1
62580,11,11
62580,12,8
62580,13,1
62580,2,3
62580,5,1
62580,7,57
62580,9,1
62640,1,2
62640,11,6
62640,12,21
62640,13,10
62640,14,4
62640,2,2
62640,4,2
62640,5,4
62640,7,88
62700,1,33
62700,11,1
62700,12,11
62700,13,11
62700,14,5
62700,2,3
62700,5,1
62700,6,2
62700,7,38
62760,1,230
62760,10,22
62760,11,10
62760,12,4
62760,13,30
62760,14,1
62760,5,4
62760,7,78
62820,1,238
62820,10,13
62820,11,23
62820,12,10
62820,13,24
62820,14,13
62820,2,7
62820,5,9
62820,6,2
62820,7,166
62820,9,3
62880,1,147
62880,10,3
62880,11,23
62880,12,1
62880,13,12
62880,14,4
62880,2,43
62880,4,22
62880,5,5
62880,7,166
62880,9,1
62940,1,282
62940,10,12
62940,11,27
62940,12,8
62940,13,75
62940,14,17
62940,2,1
62940,4,17
62940,5,14
62940,6,1
62940,7,259
62940,9,12
63000,1,307
63000,10,42
63000,11,31
63000,12,8
63000,13,16
63000,14,18
63000,4,30
63000,5,2
63000,6,8
63000,7,248
63000,9,4
63060,1,379
63060,10,27
63060,11,22
63060,12,10
63060,13,50
63060,14,36
63060,2,3
63060,4,9
63060,5,11
63060,6,5
63060,7,329
63120,1,369
63120,10,11
63120,11,6
63120,12,9
63120,13,40
63120,14,35
63120,2,24
63120,4,22
63120,5,23
63120,6,7
63120,7,309
63180,1,237
63180,10,6
63180,11,28
63180,12,13
63180,13,22
63180,14,149
63180,2,17
63180,4,4
63180,5,6
63180,6,11
63180,7,325
63180,9,9
63240,1,170
63240,10,23
63240,11,10
63240,12,14
63240,13,47
63240,14,70
63240,2,1
63240,4,1
63240,6,2
63240,7,344
63300,1,198
63300,10,45
63300,12,47
63300,13,25
63300,14,26
63300,2,6
63300,4,3
63300,6,2
63300,7,267
63360,1,237
63360,10,32
63360,11,1
63360,12,17
63360,13,2
63360,14,48
63360,2,5
63360,4,5
63360,6,5
63360,7,339
63420,1,233
63420,10,37
63420,12,24
63420,14,14
63420,2,17
63420,4,8
63420,6,40
63420,7,343
63420,9,79
63480,1,157
63480,10,25
63480,11,3
63480,12,8
63480,14,2
63480,2,37
63480,4,18
63480,6,1
63480,7,289
63480,9,40
63540,1,148
63540,10,68
63540,12,13
63540,14,5
63540,2,59
63540,4,38
63540,5,19
63540,6,2
63540,7,243
63540,9,81
63600,1,112
63600,10,16
63600,11,1
63600,12,7
63600,13,2
63600,14,16
63600,2,7
63600,4,8
63600,6,6
63600,7,292
63600,9,10
63660,1,226
63660,12,6
63660,13,8
63660,14,1
63660,2,52
63660,5,15
63660,6,4
63660,7,152
63660,9,12
63720,1,68
63720,10,6
63720,11,3
63720,12,13
63720,13,24
63720,14,2
63720,2,1
63720,4,1
63720,6,1
63720,7,71
63780,1,88
63780,11,6
63780,12,1
63780,13,7
63780,14,1
63780,7,108
63840,1,93
63840,11,3
63840,13,5
63840,14,1
63840,2,3
63840,6,1
63840,7,94
63900,1,40
63900,11,56
63900,13,11
63900,14,1
63900,2,8
63900,4,5
63900,5,2
63900,6,2
63900,7,71
63960,10,1
63960,11,50
63960,12,1
63960,13,2
63960,14,21
63960,2,19
63960,4,25
63960,7,84
64020,10,1
64020,11,17
64020,13,4
64020,14,3
64020,2,7
64020,5,6
64020,7,13
64080,11,23
64080,12,4
64080,13,9
64080,14,17
64080,2,2
64080,4,1
64080,5,1
64080,7,74
64140,11,1
64140,13,1
64140,14,111
64140,2,1
64140,4,1
64140,5,1
64140,6,3
64140,7,112
64200,11,1
64200,12,3
64200,13,12
64200,14,22
64200,4,5
64200,5,12
64200,6,1
64200,7,251
64200,9,1
64260,12,17
64260,13,5
64260,14,30
64260,2,1
64260,4,4
64260,5,1
64260,6,2
64260,7,264
64260,9,19
64320,11,14
64320,12,1
64320,13,11
64320,14,33
64320,2,1
64320,5,27
64320,6,6
64320,7,111
64380,1,2
64380,10,2
64380,11,94
64380,12,3
64380,13,22
64380,14,5
64380,2,8
64380,4,20
64380,5,1
64380,7,339
64380,9,12
64440,1,58
64440,10,13
64440,11,72
64440,12,1
64440,13,43
64440,14,18
64440,2,6
64440,4,15
64440,5,1
64440,6,3
64440,7,558
64440,9,44
64500,1,291
64500,10,8
64500,11,124
64500,12,6
64500,13,42
64500,14,28
64500,2,10
64500,4,13
64500,5,4
64500,7,358
64500,9,102
64560,1,291
64560,10,8
64560,12,18
64560,13,50
64560,14,21
64560,2,2
64560,4,21
64560,5,4
64560,6,18
64560,7,311
64560,9,19
64620,1,218
64620,10,4
64620,12,9
64620,13,72
64620,14,40
64620,2,25
64620,4,25
64620,5,1
64620,6,38
64620,7,267
64620,9,4
64680,1,158
64680,10,12
64680,12,4
64680,13,40
64680,14,31
64680,2,4
64680,4,23
64680,6,1
64680,7,307
64680,9,14
64740,10,14
64740,11,1
64740,12,42
64740,13,32
64740,14,42
64740,4,10
64740,5,2
64740,6,9
64740,7,314
64740,9,12
64800,10,1
64800,11,1
64800,12,7
64800,13,31
64800,14,9
64800,4,5
64800,5,7
64800,6,23
64800,7,331
64800,9,21
64860,10,2
64860,11,1
64860,12,34
64860,13,55
64860,14,52
64860,2,27
64860,4,15
64860,5,1
64860,6,3
64860,7,314
64860,9,22
64920,1,2
64920,10,22
64920,12,19
64920,13,31
64920,14,32
64920,2,36
64920,4,15
64920,6,9
64920,7,267
64920,9,39
64980,1,77
64980,10,17
64980,11,5
64980,12,3
64980,13,22
64980,14,5
64980,2,12
64980,4,14
64980,5,3
64980,6,8
64980,7,160
64980,9,20
65040,10,66
65040,11,1
65040,12,168
65040,13,11
65040,14,2
65040,2,5
65040,4,6
65040,5,17
65040,6,9
65040,7,137
65040,9,5
65100,1,46
65100,10,89
65100,12,1
65100,13,1
65100,2,10
65100,4,2
65100,5,4
65100,6,1
65100,7,154
65100,9,5
65160,1,89
65160,10,2
65160,12,1
65160,14,12
65160,2,49
65160,5,1
65160,6,2
65160,7,246
65160,9,43
65220,1,76
65220,11,1
65220,12,5
65220,13,11
65220,14,8
65220,7,150
65280,1,47
65280,11,10
65280,13,17
65280,14,3
65280,2,4
65280,4,2
65280,7,127
65340,1,104
65340,11,16
65340,13,6
65340,14,9
65340,2,12
65340,4,9
65340,7,113
65400,1,50
65400,11,21
65400,13,2
65400,14,6
65400,2,25
65400,4,14
65400,5,3
65400,7,49
65460,1,21
65460,12,3
65460,13,4
65460,14,14
65460,4,9
65460,5,2
65460,7,7
65460,9,4
65520,1,69
65520,11,10
65520,13,9
65520,14,21
65520,2,1
65520,4,8
65520,7,14
65580,1,29
65580,10,6
65580,11,1
65580,13,1
65580,14,33
65580,4,4
65580,7,46
65640,1,3
65640,10,1
65640,11,22
65640,13,11
65640,14,54
65640,4,9
65640,5,1
65640,6,5
65640,7,134
65700,1,103
65700,10,4
65700,11,13
65700,12,1
65700,13,16
65700,14,14
65700,2,1
65700,4,8
65700,5,2
65700,6,14
65700,7,163
65700,9,1
65760,1,84
65760,10,5
65760,11,9
65760,12,1
65760,13,56
65760,14,103
65760,2,6
65760,4,27
65760,5,7
65760,7,223
65760,9,4
65820,1,204
65820,11,15
65820,12,3
65820,13,20
65820,14,39
65820,2,32
65820,4,19
65820,7,280
65820,9,8
65880,1,42
65880,10,6
65880,11,5
65880,12,6
65880,13,23
65880,14,57
65880,2,2
65880,4,21
65880,5,1
65880,6,2
65880,7,214
65880,9,16
65940,1,6
65940,10,31
65940,11,88
65940,13,39
65940,14,37
65940,2,2
65940,4,9
65940,6,2
65940,7,195
65940,9,13
66000,1,195
66000,10,2
66000,11,20
66000,12,5
66000,13,48
66000,14,68
66000,2,4
66000,4,5
66000,5,7
66000,6,1
66000,7,315
66000,9,2
66060,1,250
66060,10,34
66060,11,10
66060,12,4
66060,13,59
66060,14,43
66060,2,11
66060,4,55
66060,5,13
66060,6,4
66060,7,300
66060,9,4
66120,1,141
66120,10,25
66120,11,13
66120,12,3
66120,13,22
66120,14,78
66120,2,1
66120,4,4
66120,5,21
66120,6,1
66120,7,264
66120,9,5
66180,1,151
66180,10,79
66180,11,15
66180,12,6
66180,13,28
66180,14,34
66180,2,3
66180,5,12
66180,6,3
66180,7,242
66180,9,6
66240,1,105
66240,10,50
66240,11,17
66240,12,14
66240,13,25
66240,14,53
66240,2,17
66240,4,2
66240,5,4
66240,6,3
66240,7,291
66240,9,17
66300,1,36
66300,10,64
66300,11,6
66300,12,2
66300,13,24
66300,14,36
66300,2,23
66300,4,4
66300,5,6
66300,6,1
66300,7,427
66300,9,23
66360,10,8
66360,11,31
66360,12,2
66360,13,38
66360,14,46
66360,2,13
66360,4,15
66360,5,9
66360,6,1
66360,7,448
66360,9,10
66420,10,3
66420,11,3
66420,12,2
66420,13,41
66420,14,10
66420,2,2
66420,4,7
66420,5,5
66420,6,20
66420,7,392
66420,9,33
66480,1,5
66480,10,19
66480,11,5
66480,12,1
66480,13,33
66480,14,36
66480,2,1
66480,4,3
66480,5,1
66480,7,191
66480,9,2
66540,1,4
66540,10,4
66540,13,47
66540,14,1
66540,2,1
66540,4,3
66540,5,3
66540,6,6
66540,7,122
66540,9,13
66600,12,14
66600,13,15
66600,14,6
66600,4,6
66600,5,1
66600,6,4
66600,7,100
66600,9,6
66660,13,32
66660,14,13
66660,4,3
66660,5,6
66660,7,30
66660,9,6
66720,1,32
66720,11,3
66720,12,1
66720,13,13
66720,14,3
66720,4,11
66720,5,4
66720,6,16
66720,7,92
66780,1,42
66780,11,8
66780,13,8
66780,14,5
66780,2,11
66780,4,6
66780,5,5
66780,6,7
66780,7,92
66840,1,38
66840,10,13
66840,11,1
66840,12,5
66840,13,13
66840,14,11
66840,2,3
66840,4,25
66840,5,31
66840,7,64
66900,1,8
66900,10,1
66900,11,6
66900,13,86
66900,14,13
66900,2,15
66900,4,11
66900,5,4
66900,7,24
66960,1,6
66960,10,6
66960,11,3
66960,12,4
66960,13,7
66960,14,20
66960,2,36
66960,4,46
66960,5,3
66960,6,2
66960,7,18
67020,1,14
67020,10,2
67020,11,5
67020,12,4
67020,13,13
67020,14,25
67020,4,8
67020,5,2
67020,6,4
67020,7,113
67080,1,60
67080,10,16
67080,11,14
67080,12,4
67080,13,9
67080,14,27
67080,4,18
67080,5,1
67080,6,1
67080,7,182
67140,1,124
67140,11,33
67140,12,22
67140,13,19
67140,14,18
67140,2,15
67140,4,17
67140,5,2
67140,6,1
67140,7,211
67140,9,2
67200,1,217
67200,10,29
67200,11,56
67200,12,19
67200,13,44
67200,14,29
67200,2,2
67200,4,55
67200,5,5
67200,7,346
67200,9,4
67260,1,333
67260,10,32
67260,11,50
67260,12,1
67260,13,55
67260,14,18
67260,2,1
67260,4,27
67260,5,10
67260,6,1
67260,7,392
67260,9,5
67320,1,196
67320,10,23
67320,11,3
67320,12,18
67320,13,42
67320,14,16
67320,2,1
67320,4,18
67320,5,17
67320,6,9
67320,7,236
67320,9,5
67380,1,167
67380,10,10
67380,11,1
67380,12,15
67380,13,32
67380,14,20
67380,2,3
67380,4,45
67380,5,7
67380,6,7
67380,7,264
67380,9,3
67440,1,156
67440,10,36
67440,11,1
67440,12,3
67440,13,34
67440,14,27
67440,2,5
67440,4,19
67440,5,1
67440,6,12
67440,7,239
67500,1,163
67500,10,33
67500,12,8
67500,13,33
67500,14,13
67500,2,8
67500,4,1
67500,5,19
67500,6,11
67500,7,238
67500,9,41
67560,1,176
67560,10,41
67560,11,2
67560,12,1
67560,13,28
67560,14,49
67560,4,1
67560,5,4
67560,6,2
67560,7,275
67560,9,24
67620,1,157
67620,10,30
67620,11,81
67620,12,2
67620,13,27
67620,14,200
67620,2,41
67620,4,1
67620,5,6
67620,6,6
67620,7,245
67620,9,2
67680,1,195
67680,10,27
67680,11,34
67680,13,41
67680,14,29
67680,2,9
67680,5,13
67680,6,29
67680,7,210
67680,9,5
67740,1,43
67740,10,17
67740,11,8
67740,12,3
67740,13,21
67740,14,10
67740,2,6
67740,4,1
67740,5,6
67740,6,11
67740,7,204
67740,9,4
67800,1,1
67800,10,45
67800,11,1
67800,12,11
67800,13,44
67800,14,7
67800,2,5
67800,5,6
67800,6,1
67800,7,131
67800,9,8
67860,1,73
67860,10,13
67860,11,13
67860,13,25
67860,14,6
67860,2,1
67860,7,201
67860,9,12
67920,1,29
67920,10,10
67920,11,5
67920,12,2
67920,13,28
67920,14,14
67920,2,8
67920,5,5
67920,6,1
67920,7,191
67920,9,5
67980,1,72
67980,10,8
67980,13,21
67980,14,16
67980,2,8
67980,6,20
67980,7,188
67980,9,6
68040,1,23
68040,10,1
68040,11,2
68040,13,23
68040,14,1
68040,2,7
68040,6,1
68040,7,162
68100,1,47
68100,11,1
68100,12,11
68100,13,10
68100,2,2
68100,7,121
68100,9,2
68160,1,73
68160,11,1
68160,12,4
68160,13,18
68160,2,3
68160,4,1
68160,7,67
68220,1,126
68220,10,15
68220,11,3
68220,12,11
68220,13,3
68220,2,2
68220,4,1
68220,5,1
68220,7,82
68280,1,91
68280,10,29
68280,11,29
68280,12,1
68280,13,5
68280,14,20
68280,2,5
68280,4,2
68280,7,36
68340,1,88
68340,11,58
68340,13,4
68340,14,20
68340,2,2
68340,7,14
68400,1,58
68400,11,36
68400,13,14
68400,14,18
68400,2,8
68400,5,7
68400,7,10
68460,1,48
68460,10,2
68460,11,12
68460,13,13
68460,14,39
68460,7,35
68520,1,104
68520,10,4
68520,11,1
68520,12,1
68520,13,20
68520,14,37
68520,2,88
68520,4,22
68520,5,1
68520,7,76
68580,1,219
68580,10,23
68580,11,18
68580,13,34
68580,14,30
68580,4,48
68580,6,4
68580,7,124
68640,1,186
68640,10,35
68640,11,11
68640,13,14
68640,14,11
68640,2,5
68640,4,63
68640,5,9
68640,6,5
68640,7,247
68640,9,8
68700,1,217
68700,10,13
68700,11,1
68700,13,42
68700,14,7
68700,2,4
68700,4,102
68700,5,4
68700,6,13
68700,7,254
68700,9,5
68760,1,150
68760,10,24
68760,11,36
68760,13,16
68760,14,40
68760,2,4
68760,4,83
68760,5,2
68760,7,222
68760,9,31
68820,1,253
68820,10,15
68820,11,27
68820,13,26
68820,14,11
68820,2,36
68820,4,84
68820,5,5
68820,6,2
68820,7,252
68820,9,15
68880,1,270
68880,10,9
68880,11,2
68880,12,8
68880,13,57
68880,14,32
68880,2,1
68880,4,64
68880,7,282
68880,9,24
68940,1,239
68940,10,11
68940,11,7
68940,12,2
68940,13,36
68940,14,59
68940,2,3
68940,4,58
68940,5,12
68940,6,9
68940,7,218
68940,9,4
69000,1,305
69000,10,2
69000,11,7
69000,12,3
69000,13,76
69000,14,28
69000,2,8
69000,4,32
69000,5,5
69000,6,1
69000,7,390
69000,9,3
69060,1,267
69060,10,9
69060,11,10
69060,12,5
69060,13,54
69060,14,17
69060,2,32
69060,4,31
69060,5,5
69060,6,8
69060,7,452
69060,9,3
69120,1,107
69120,10,19
69120,11,4
69120,12,4
69120,13,38
69120,14,12
69120,2,8
69120,4,15
69120,6,22
69120,7,401
69120,9,1
69180,1,73
69180,10,3
69180,11,2
69180,12,2
69180,13,52
69180,14,18
69180,2,13
69180,4,41
69180,5,2
69180,7,394
69240,1,152
69240,10,31
69240,13,43
69240,14,12
69240,2,2
69240,4,34
69240,5,5
69240,6,6
69240,7,244
69300,1,92
69300,10,3
69300,11,4
69300,12,13
69300,13,15
69300,14,20
69300,2,2
69300,4,6
69300,5,10
69300,6,14
69300,7,159
69360,1,110
69360,10,8
69360,11,9
69360,12,2
69360,13,15
69360,14,1
69360,4,14
69360,6,9
69360,7,139
69420,1,79
69420,11,2
69420,13,24
69420,14,3
69420,2,52
69420,4,8
69420,7,149
69480,1,57
69480,11,3
69480,13,10
69480,14,2
69480,2,145
69480,4,10
69480,5,1
69480,6,5
69480,7,118
69540,1,23
69540,11,7
69540,13,1
69540,2,1
69540,4,1
69540,7,65
69540,9,4
69600,1,21
69600,13,5
69600,14,5
69600,2,13
69600,4,24
69600,5,4
69600,7,170
69660,1,23
69660,11,6
69660,13,3
69660,14,14
69660,2,1
69660,4,30
69660,5,2
69660,7,141
69720,1,21
69720,10,6
69720,11,1
69720,13,5
69720,14,4
69720,2,2
69720,4,20
69720,5,3
69720,7,41
69780,1,6
69780,13,15
69780,2,8
69780,4,18
69780,5,2
69780,7,16
69840,1,3
69840,13,8
69840,14,2
69840,2,1
69840,4,51
69840,5,1
69840,6,1
69840,7,23
69900,1,4
69900,10,13
69900,13,7
69900,14,1
69900,2,1
69900,4,6
69900,6,2
69900,7,77
69960,1,51
69960,10,6
69960,13,9
69960,14,1
69960,2,3
69960,6,1
69960,7,67
70020,1,243
70020,10,43
70020,12,2
70020,13,15
70020,14,6
70020,2,18
70020,5,1
70020,6,1
70020,7,189
70020,9,2
70080,1,191
70080,10,4
70080,12,22
70080,13,20
70080,14,6
70080,2,4
70080,4,2
70080,5,2
70080,7,156
70080,9,4
70140,1,199
70140,10,4
70140,13,19
70140,14,4
70140,2,66
70140,4,11
70140,6,1
70140,7,213
70200,1,261
70200,10,10
70200,12,1
70200,13,18
70200,14,2
70200,2,47
70200,4,30
70200,5,3
70200,7,161
70260,1,245
70260,10,18
70260,12,6
70260,13,25
70260,14,1
70260,2,61
70260,4,19
70260,5,3
70260,6,2
70260,7,157
70260,9,1
70320,1,304
70320,10,13
70320,12,5
70320,13,32
70320,14,2
70320,2,8
70320,4,9
70320,5,18
70320,6,21
70320,7,298
70320,9,2
70380,1,235
70380,10,35
70380,12,136
70380,13,40
70380,14,1
70380,2,4
70380,4,17
70380,5,39
70380,6,10
70380,7,277
70380,9,8
70440,1,187
70440,10,9
70440,12,38
70440,13,50
70440,14,1
70440,2,3
70440,4,22
70440,5,7
70440,6,13
70440,7,339
70440,9,5
70500,1,239
70500,10,4
70500,12,2
70500,13,34
70500,14,2
70500,2,1
70500,4,20
70500,5,12
70500,6,8
70500,7,265
70560,1,250
70560,10,16
70560,12,20
70560,13,30
70560,2,4
70560,4,11
70560,5,5
70560,6,2
70560,7,277
70560,9,1
70620,1,222
70620,10,28
70620,12,13
70620,13,59
70620,14,3
70620,2,2
70620,4,15
70620,6,14
70620,7,237
70620,9,2
70680,1,164
70680,10,16
70680,13,18
70680,14,9
70680,2,1
70680,4,18
70680,5,4
70680,6,4
70680,7,370
70680,9,3
70740,1,159
70740,10,4
70740,12,2
70740,13,24
70740,14,71
70740,2,7
70740,4,3
70740,5,11
70740,6,7
70740,7,190
70800,1,114
70800,12,10
70800,13,28
70800,14,4
70800,4,1
70800,6,13
70800,7,128
70860,1,30
70860,10,1
70860,12,3
70860,13,42
70860,2,3
70860,6,1
70860,7,146
70920,1,23
70920,10,2
70920,12,7
70920,13,40
70920,2,11
70920,4,2
70920,7,84
70920,9,2
70980,1,3
70980,13,10
70980,2,3
70980,4,1
70980,7,87
70980,9,6
71040,1,21
71040,10,2
71040,12,3
71040,13,5
71040,14,2
71040,4,7
71040,7,137
71100,1,30
71100,10,2
71100,13,10
71100,14,9
71100,2,10
71100,4,12
71100,5,6
71100,6,1
71100,7,155
71160,1,49
71160,12,2
71160,13,7
71160,14,20
71160,4,8
71160,5,6
71160,7,102
71160,9,4
71220,1,73
71220,13,2
71220,14,5
71220,2,18
71220,4,2
71220,7,124
71280,1,71
71280,13,4
71280,14,5
71280,2,2
71280,4,3
71280,5,6
71280,7,67
71340,13,8
71340,14,21
71340,2,2
71340,4,1
71340,5,4
71340,6,1
71340,7,96
71400,1,68
71400,10,1
71400,12,6
71400,13,22
71400,14,37
71400,2,7
71400,4,1
71400,5,18
71400,7,123
71460,1,131
71460,12,9
71460,13,24
71460,14,19
71460,2,3
71460,5,4
71460,6,1
71460,7,120
71520,1,102
71520,10,17
71520,13,7
71520,14,6
71520,2,2
71520,5,2
71520,7,108
71580,1,249
71580,10,14
71580,12,6
71580,13,12
71580,14,6
71580,4,10
71580,5,5
71580,6,14
71580,7,270
71640,1,146
71640,10,12
71640,12,1
71640,13,3
71640,14,15
71640,4,39
71640,5,4
71640,7,174
71640,9,2
71700,1,47
71700,10,2
71700,12,2
71700,13,4
71700,14,7
71700,2,5
71700,4,67
71700,5,8
71700,7,301
71760,1,285
71760,10,2
71760,12,23
71760,13,22
71760,14,28
71760,2,10
71760,4,92
71760,5,13
71760,6,1
71760,7,298
71820,1,213
71820,10,41
71820,12,9
71820,13,44
71820,14,24
71820,2,3
71820,4,61
71820,5,18
71820,7,352
71880,1,166
71880,10,88
71880,13,33
71880,14,18
71880,2,3
71880,4,4
71880,5,30
71880,6,1
71880,7,424
71940,10,7
71940,12,13
71940,13,35
71940,14,45
71940,2,4
71940,5,14
71940,6,1
71940,7,271
71940,9,3
72000,10,12
72000,12,15
72000,13,19
72000,14,23
72000,2,10
72000,4,4
72000,5,5
72000,7,293
72000,9,15
72060,10,26
72060,12,3
72060,13,18
72060,14,23
72060,2,3
72060,4,2
72060,5,6
72060,6,28
72060,7,285
72060,9,6
72120,10,3
72120,12,19
72120,13,37
72120,14,14
72120,2,2
72120,4,26
72120,5,8
72120,6,33
72120,7,240
72180,10,1
72180,12,56
72180,13,34
72180,14,8
72180,2,16
72180,4,31
72180,5,13
72180,6,2
72180,7,203
72240,10,2
72240,12,4
72240,13,8
72240,14,6
72240,2,27
72240,4,6
72240,5,3
72240,7,98
72300,10,9
72300,12,2
72300,13,23
72300,2,5
72300,4,41
72300,5,6
72300,6,3
72300,7,76
72360,10,2
72360,13,5
72360,2,23
72360,4,16
72360,5,3
72360,6,1
72360,7,72
72420,10,16
72420,14,11
72420,2,5
72420,4,16
72420,6,9
72420,7,48
72480,10,5
72480,13,5
72480,14,3
72480,2,28
72480,4,22
72480,7,158
72540,10,1
72540,13,11
72540,2,15
72540,4,30
72540,6,1
72540,7,123
72600,10,1
72600,13,6
72600,14,3
72600,2,3
72600,4,17
72600,5,1
72600,7,193
72660,12,13
72660,14,3
72660,2,8
72660,4,28
72660,5,2
72660,7,12
72720,10,3
72720,12,27
72720,13,9
72720,14,5
72720,2,8
72720,4,35
72720,5,17
72720,7,29
72780,10,4
72780,12,3
72780,13,5
72780,14,2
72780,2,1
72780,4,28
72780,5,7
72780,6,55
72780,7,128
72840,10,4
72840,12,5
72840,13,11
72840,2,1
72840,4,17
72840,5,17
72840,7,185
72900,10,1
72900,13,7
72900,14,3
72900,2,6
72900,4,44
72900,5,10
72900,7,125
72960,10,22
72960,13,13
72960,14,10
72960,2,15
72960,4,52
72960,5,5
72960,7,176
72960,9,12
73020,10,11
73020,12,6
73020,13,12
73020,14,3
73020,2,16
73020,4,24
73020,5,11
73020,6,1
73020,7,289
73020,9,1
73080,10,10
73080,12,9
73080,13,21
73080,14,3
73080,2,5
73080,4,21
73080,5,11
73080,6,1
73080,7,348
73080,9,9
73140,10,12
73140,12,12
73140,13,14
73140,14,14
73140,2,17
73140,4,51
73140,5,13
73140,6,5
73140,7,397
73140,9,1
73200,10,33
73200,12,9
73200,13,20
73200,14,1
73200,2,39
73200,4,33
73200,5,9
73200,6,4
73200,7,441
73260,10,50
73260,12,14
73260,13,21
73260,14,6
73260,2,22
73260,4,42
73260,5,5
73260,6,2
73260,7,415
73320,10,23
73320,12,7
73320,13,34
73320,14,5
73320,2,3
73320,4,17
73320,5,5
73320,7,353
73320,9,1
73380,10,32
73380,12,7
73380,13,24
73380,14,7
73380,2,4
73380,4,7
73380,5,6
73380,6,13
73380,7,436
73440,10,25
73440,12,4
73440,13,25
73440,14,1
73440,2,17
73440,4,8
73440,5,6
73440,6,18
73440,7,330
73500,10,21
73500,12,2
73500,13,29
73500,14,32
73500,2,18
73500,4,2
73500,5,2
73500,6,51
73500,7,302
73500,9,1
73560,10,19
73560,12,26
73560,13,33
73560,14,14
73560,2,88
73560,4,6
73560,5,4
73560,6,10
73560,7,273
73560,9,1
73620,10,6
73620,12,7
73620,13,50
73620,14,7
73620,2,42
73620,4,3
73620,5,4
73620,6,4
73620,7,514
73620,9,22
73680,10,25
73680,12,3
73680,13,95
73680,14,24
73680,2,6
73680,4,3
73680,5,1
73680,6,40
73680,7,394
73680,9,9
73740,10,29
73740,12,7
73740,13,17
73740,2,10
73740,4,1
73740,5,2
73740,6,3
73740,7,182
73740,9,9
73800,10,8
73800,12,3
73800,13,8
73800,2,1
73800,5,1
73800,7,47
73860,1,13
73860,12,3
73860,13,8
73860,14,9
73860,2,6
73860,4,1
73860,5,4
73860,7,138
73920,1,11
73920,10,5
73920,13,11
73920,2,9
73920,4,2
73920,5,1
73920,7,126
73920,9,3
73980,1,15
73980,10,4
73980,12,1
73980,13,5
73980,14,10
73980,2,24
73980,4,16
73980,5,3
73980,7,181
74040,1,8
74040,10,14
74040,13,7
74040,14,4
74040,2,3
74040,4,80
74040,6,1
74040,7,74
74100,1,1
74100,10,4
74100,14,3
74100,2,2
74100,4,45
74100,5,2
74100,7,86
74160,1,19
74160,10,5
74160,13,6
74160,14,5
74160,4,9
74160,5,6
74160,7,57
74220,1,2
74220,10,25
74220,13,2
74220,14,9
74220,2,6
74220,4,11
74220,6,2
74220,7,100
74280,1,7
74280,10,4
74280,13,14
74280,14,6
74280,2,2
74280,4,25
74280,5,5
74280,6,1
74280,7,263
74340,1,69
74340,10,21
74340,13,17
74340,2,3
74340,4,54
74340,5,9
74340,6,5
74340,7,203
74400,1,17
74400,10,37
74400,12,5
74400,13,22
74400,2,2
74400,4,76
74400,5,11
74400,6,4
74400,7,400
74400,9,19
74460,10,47
74460,12,1
74460,13,30
74460,14,18
74460,2,1
74460,4,58
74460,5,5
74460,6,11
74460,7,441
74460,9,8
74520,1,6
74520,10,22
74520,12,17
74520,13,16
74520,14,22
74520,2,5
74520,4,84
74520,5,16
74520,6,4
74520,7,165
74520,9,12
74580,1,66
74580,10,66
74580,12,4
74580,13,18
74580,14,9
74580,2,4
74580,4,57
74580,5,20
74580,7,435
74580,9,12
74640,1,169
74640,10,58
74640,12,5
74640,13,26
74640,14,12
74640,2,4
74640,4,39
74640,5,12
74640,6,10
74640,7,321
74640,9,3
74700,1,242
74700,10,61
74700,12,5
74700,13,53
74700,14,37
74700,2,6
74700,4,42
74700,5,15
74700,6,2
74700,7,375
74700,9,5
74760,1,109
74760,10,31
74760,12,2
74760,13,27
74760,14,38
74760,4,30
74760,5,15
74760,6,9
74760,7,604
74760,9,3
74820,1,1
74820,10,17
74820,12,7
74820,13,28
74820,14,38
74820,4,29
74820,5,10
74820,6,1
74820,7,450
74820,9,10
74880,1,7
74880,10,4
74880,12,7
74880,13,11
74880,14,26
74880,2,3
74880,4,14
74880,5,20
74880,6,5
74880,7,430
74880,9,5
74940,1,23
74940,10,41
74940,12,10
74940,13,28
74940,14,6
74940,2,31
74940,4,27
74940,5,4
74940,6,13
74940,7,251
74940,9,7
75000,1,24
75000,10,21
75000,12,13
75000,13,45
75000,14,2
75000,2,3
75000,4,19
75000,5,12
75000,6,17
75000,7,330
75000,9,1
75060,1,14
75060,10,10
75060,12,3
75060,13,26
75060,2,2
75060,4,16
75060,5,11
75060,6,13
75060,7,417
75120,1,41
75120,10,10
75120,12,4
75120,13,42
75120,2,1
75120,4,27
75120,5,4
75120,6,4
75120,7,290
75120,9,1
75180,1,3
75180,10,5
75180,12,1
75180,13,25
75180,2,5
75180,4,5
75180,5,2
75180,6,1
75180,7,330
75240,1,25
75240,10,3
75240,12,1
75240,13,12
75240,14,2
75240,2,5
75240,4,3
75240,5,5
75240,6,2
75240,7,232
75240,9,1
75300,1,7
75300,10,8
75300,12,1
75300,13,3
75300,2,2
75300,4,3
75300,6,1
75300,7,158
75300,9,4
75360,1,11
75360,10,4
75360,13,7
75360,2,11
75360,4,22
75360,6,3
75360,7,145
75420,1,43
75420,10,7
75420,13,6
75420,14,5
75420,2,9
75420,4,20
75420,5,4
75420,6,4
75420,7,171
75480,1,40
75480,10,1
75480,13,6
75480,14,2
75480,2,1
75480,4,24
75480,5,11
75480,7,91
75540,1,14
75540,10,9
75540,13,1
75540,2,2
75540,4,25
75540,5,5
75540,6,1
75540,7,206
75600,1,14
75600,10,2
75600,13,8
75600,2,6
75600,4,21
75600,5,4
75600,7,88
75660,1,21
75660,10,10
75660,13,4
75660,14,15
75660,2,26
75660,4,66
75660,5,6
75660,7,65
75720,1,48
75720,10,4
75720,12,5
75720,13,3
75720,14,5
75720,2,10
75720,4,52
75720,5,3
75720,6,1
75720,7,223
75780,1,85
75780,10,15
75780,12,6
75780,13,17
75780,14,25
75780,2,2
75780,4,21
75780,5,7
75780,6,21
75780,7,321
75780,9,1
75840,1,145
75840,10,36
75840,12,10
75840,13,27
75840,14,31
75840,2,4
75840,4,55
75840,5,5
75840,6,15
75840,7,291
75840,9,8
75900,1,114
75900,10,9
75900,12,4
75900,13,38
75900,14,7
75900,2,1
75900,4,53
75900,5,14
75900,6,22
75900,7,326
75900,9,14
75960,1,169
75960,10,19
75960,12,11
75960,13,43
75960,14,11
75960,4,34
75960,5,31
75960,6,30
75960,7,358
75960,9,1
76020,1,132
76020,10,26
76020,12,6
76020,13,42
76020,14,10
76020,2,5
76020,4,32
76020,5,4
76020,6,8
76020,7,396
76020,9,1
76080,1,171
76080,10,12
76080,12,1
76080,13,49
76080,14,7
76080,2,9
76080,4,72
76080,5,5
76080,6,12
76080,7,356
76080,9,4
76140,1,98
76140,10,21
76140,12,4
76140,13,46
76140,14,13
76140,2,46
76140,4,45
76140,5,3
76140,6,9
76140,7,343
76140,9,15
76200,1,141
76200,10,23
76200,12,22
76200,13,26
76200,14,51
76200,2,2
76200,4,25
76200,6,11
76200,7,377
76200,9,3
76260,1,137
76260,10,14
76260,12,7
76260,13,19
76260,14,8
76260,2,7
76260,4,32
76260,5,44
76260,6,11
76260,7,423
76260,9,3
76320,1,183
76320,10,22
76320,12,10
76320,13,45
76320,14,20
76320,2,4
76320,4,23
76320,5,9
76320,6,32
76320,7,346
76320,9,1
76380,1,192
76380,10,11
76380,12,44
76380,13,17
76380,14,33
76380,2,7
76380,4,87
76380,5,5
76380,6,46
76380,7,333
76380,9,3
76440,1,149
76440,10,10
76440,12,23
76440,13,9
76440,14,21
76440,2,11
76440,4,13
76440,5,1
76440,6,6
76440,7,146
76440,9,33
76500,1,188
76500,10,3
76500,12,11
76500,13,26
76500,14,5
76500,4,22
76500,5,3
76500,6,7
76500,7,204
76500,9,1
76560,1,75
76560,10,3
76560,13,25
76560,14,8
76560,2,4
76560,4,4
76560,7,147
76620,1,67
76620,10,6
76620,13,7
76620,2,5
76620,6,2
76620,7,67
76620,9,5
76680,1,42
76680,10,11
76680,13,5
76680,2,5
76680,7,68
76740,1,35
76740,10,1
76740,13,1
76740,2,1
76740,7,47
76800,1,34
76800,10,1
76800,12,1
76800,13,1
76800,2,4
76800,7,73
76860,1,57
76860,10,1
76860,12,1
76860,13,3
76860,7,50
76920,1,39
76920,10,1
76920,12,8
76920,13,1
76920,2,9
76920,4,3
76920,7,61
76980,1,44
76980,10,1
76980,12,1
76980,2,4
76980,4,16
76980,7,84
76980,9,1
77040,1,91
77040,10,2
77040,14,7
77040,2,9
77040,4,6
77040,7,202
77100,1,83
77100,10,27
77100,13,2
77100,14,66
77100,2,2
77100,4,2
77100,5,3
77100,7,79
77160,1,95
77160,10,1
77160,13,5
77160,14,45
77160,2,2
77160,4,2
77160,5,8
77160,6,5
77160,7,169
77160,9,1
77220,1,134
77220,10,3
77220,13,1
77220,14,26
77220,2,8
77220,4,6
77220,5,9
77220,7,188
77280,1,160
77280,10,10
77280,12,13
77280,13,15
77280,14,72
77280,2,1
77280,4,13
77280,5,30
77280,6,1
77280,7,205
77340,1,95
77340,10,2
77340,12,9
77340,13,4
77340,14,5
77340,2,2
77340,4,9
77340,5,3
77340,7,100
77400,1,96
77400,10,6
77400,12,3
77400,13,27
77400,14,2
77400,2,2
77400,4,10
77400,5,28
77400,7,62
77460,1,165
77460,10,2
77460,12,2
77460,13,11
77460,14,5
77460,2,2
77460,4,24
77460,5,17
77460,7,122
77520,1,139
77520,12,3
77520,13,18
77520,14,19
77520,4,15
77520,5,8
77520,6,2
77520,7,127
77520,9,3
77580,1,168
77580,10,1
77580,12,6
77580,13,19
77580,14,11
77580,2,3
77580,4,25
77580,5,7
77580,7,248
77640,1,159
77640,10,6
77640,12,16
77640,13,11
77640,14,11
77640,2,30
77640,4,8
77640,5,17
77640,6,28
77640,7,242
77640,9,1
77700,1,208
77700,10,6
77700,12,9
77700,13,17
77700,14,20
77700,2,57
77700,4,48
77700,5,3
77700,6,4
77700,7,236
77700,9,12
77760,1,138
77760,10,4
77760,12,3
77760,13,24
77760,14,20
77760,2,28
77760,4,19
77760,5,12
77760,6,30
77760,7,324
77760,9,7
77820,1,60
77820,10,6
77820,12,1
77820,13,19
77820,14,16
77820,2,66
77820,4,87
77820,5,5
77820,6,11
77820,7,294
77880,1,68
77880,10,24
77880,12,5
77880,13,15
77880,14,18
77880,2,18
77880,4,38
77880,5,1
77880,6,22
77880,7,352
77880,9,1
77940,1,95
77940,10,1
77940,12,12
77940,13,15
77940,14,2
77940,2,20
77940,4,6
77940,6,5
77940,7,254
77940,9,10
78000,1,49
78000,10,7
78000,12,32
78000,13,6
78000,14,2
78000,2,6
78000,4,44
78000,5,2
78000,7,68
78000,9,19
78060,1,7
78060,10,2
78060,12,3
78060,13,2
78060,14,1
78060,2,6
78060,4,29
78060,7,70
78120,1,3
78120,10,2
78120,12,10
78120,13,10
78120,14,1
78120,2,1
78120,4,23
78120,7,32
78120,9,2
78180,1,54
78180,13,2
78180,14,7
78180,2,2
78180,4,25
78180,7,22
78240,1,22
78240,12,1
78240,13,1
78240,14,7
78240,2,4
78240,4,2
78240,7,21
78300,1,11
78300,2,80
78300,4,10
78300,7,36
78360,1,4
78360,14,8
78360,2,25
78360,4,17
78420,1,5
78420,12,2
78420,2,5
78420,6,4
78420,7,16
78480,1,5
78480,10,3
78480,13,1
78480,2,3
78480,4,3
78480,7,151
78540,1,9
78540,10,3
78540,14,1
78540,2,4
78540,4,26
78540,6,1
78540,7,125
78600,1,4
78600,10,8
78600,13,1
78600,2,5
78600,4,46
78600,7,101
78660,1,1
78660,10,4
78660,12,8
78660,13,3
78660,14,2
78660,2,8
78660,4,58
78660,5,2
78660,6,1
78660,7,93
78660,9,1
78720,10,6
78720,12,1
78720,13,4
78720,14,3
78720,4,52
78720,5,8
78720,7,129
78720,9,1
78780,12,2
78780,13,10
78780,14,1
78780,2,2
78780,4,41
78780,5,9
78780,7,89
78840,1,105
78840,13,1
78840,4,45
78840,5,13
78840,7,214
78840,9,1
78900,1,70
78900,10,7
78900,12,2
78900,2,19
78900,4,53
78900,5,6
78900,7,131
78960,1,69
78960,10,2
78960,12,6
78960,13,5
78960,14,6
78960,2,4
78960,4,27
78960,5,6
78960,6,1
78960,7,69
78960,9,4
79020,1,89
79020,12,1
79020,13,21
79020,14,4
79020,2,4
79020,4,29
79020,5,4
79020,7,138
79020,9,1
79080,1,120
79080,10,6
79080,12,5
79080,13,53
79080,14,5
79080,2,2
79080,4,35
79080,5,3
79080,6,26
79080,7,206
79140,1,144
79140,10,5
79140,12,7
79140,13,28
79140,2,3
79140,4,22
79140,5,5
79140,6,10
79140,7,171
79200,1,182
79200,10,5
79200,12,1
79200,13,25
79200,14,1
79200,4,21
79200,5,7
79200,6,3
79200,7,269
79200,9,6
79260,1,196
79260,10,5
79260,12,6
79260,13,26
79260,14,6
79260,2,1
79260,4,36
79260,5,7
79260,6,46
79260,7,282
79260,9,26
79320,1,132
79320,10,5
79320,12,58
79320,13,17
79320,2,6
79320,4,2
79320,5,10
79320,6,79
79320,7,190
79320,9,21
79380,1,66
79380,12,4
79380,13,7
79380,2,9
79380,4,13
79380,5,1
79380,6,22
79380,7,270
79380,9,11
79440,1,19
79440,10,10
79440,13,5
79440,2,7
79440,4,2
79440,6,1
79440,7,173
79500,1,14
79500,13,7
79500,2,1
79500,4,2
79500,7,13
79560,1,11
79560,13,3
79560,4,8
79560,7,7
79620,1,1
79620,10,2
79620,13,2
79620,2,4
79620,4,2
79620,7,31
79680,1,4
79680,2,9
79680,7,23
79740,1,12
79740,2,5
79740,4,1
79740,7,21
79800,1,7
79800,2,1
79800,4,10
79800,7,7
79860,1,2
79860,2,2
79860,7,11
79920,1,3
79920,10,2
79920,13,6
79920,14,2
79920,2,3
79920,4,2
79920,7,30
79980,10,4
79980,12,4
79980,2,44
79980,4,7
79980,7,49
80040,10,4
80040,12,1
80040,13,1
80040,2,32
80040,4,16
80040,5,3
80040,7,81
80100,10,2
80100,14,1
80100,2,6
80100,4,18
80100,5,26
80100,6,1
80100,7,87
80160,10,3
80160,13,6
80160,14,1
80160,2,2
80160,4,23
80160,5,22
80160,6,1
80160,7,114
80220,1,1
80220,10,2
80220,12,2
80220,13,6
80220,14,9
80220,2,2
80220,4,8
80220,5,3
80220,7,62
80280,1,40
80280,10,6
80280,13,11
80280,14,1
80280,2,7
80280,4,6
80280,5,2
80280,6,11
80280,7,78
80340,1,64
80340,10,8
80340,12,1
80340,13,1
80340,14,2
80340,2,2
80340,4,15
80340,5,1
80340,6,4
80340,7,130
80340,9,17
80400,1,45
80400,10,1
80400,12,18
80400,13,20
80400,14,21
80400,2,2
80400,4,19
80400,5,1
80400,7,209
80400,9,1
80460,1,105
80460,10,1
80460,12,14
80460,13,17
80460,14,8
80460,2,1
80460,4,4
80460,5,8
80460,6,5
80460,7,275
80460,9,3
80520,1,167
80520,10,21
80520,12,3
80520,13,33
80520,14,6
80520,2,6
80520,4,19
80520,5,5
80520,6,33
80520,7,355
80520,9,1
80580,1,243
80580,10,27
80580,12,2
80580,13,17
80580,14,16
80580,2,9
80580,4,30
80580,5,6
80580,6,9
80580,7,285
80580,9,9
